primarysymbol,siccode
A,3826
AA,3334
AAAG,4100
AAAU,6221
AABA,7373
AABB,8200
AAC,8093
AACS,3559
AAGC,1040
AAGH,2834
AAIIQ,3721
AAL,4512
AAMC,6500
AAME,6311
AAN,7359
AANC,7389
AAOI,3674
AAON,3585
AAP,5531
AAPL,3571
AAPT,2040
AASL,7372
AASP,5900
AAT,6798
AATP,8000
AAU,1000
AAVVF,1311
AAWC,7371
AAWW,4522
AAXN,3480
AAXT,9995
AB,6282
ABAHF,5122
ABB,3613
ABBB,6035
ABBV,2834
ABBY,1311
ABC,5122
ABCB,6022
ABCE,1700
ABCP,6512
ABDR,5812
ABEC,7372
ABENU,2860
ABEO,2834
ABEPF,1000
ABEV,2080
ABG,5500
ABGOY,8711
ABIL,3669
ABIO,2835
ABKB,7900
ABLE,5990
ABLT,3089
ABM,7340
ABMC,2834
ABMD,3841
ABML,1000
ABMT,3842
ABQQ,6794
ABR,6798
ABSR,7389
ABT,2834
ABTO,6021
ABTX,6022
ABUS,2834
ABVC,2834
ABVG,6770
ABVN,8742
ABWN,5961
ABZUF,1040
AC,6211
ACA,3440
ACAD,2834
ACAM,6770
ACAN,8742
ACBD,3440
ACBI,6022
ACBM,7900
ACC,6798
ACCA,5010
ACCO,2780
ACCR,4813
ACER,2834
ACETQ,5122
ACEZ,6770
ACFN,8711
ACGI,7389
ACGL,6331
ACGXD,4700
ACH,3334
ACHC,8093
ACHFF,8731
ACHN,2834
ACHV,2835
ACIA,3674
ACIU,2834
ACIW,7372
ACLH,6500
ACLS,3559
ACLZ,7389
ACM,8711
ACMB,4700
ACMC,6500
ACMR,3559
ACMT,6351
ACN,7389
ACNB,6022
ACNI,2711
ACNV,8000
ACOR,2836
ACPPQ,6798
ACPS,6411
ACRB,2890
ACRE,6798
ACRL,8742
ACRS,2834
ACRT,7372
ACRX,2834
ACST,2834
ACTG,6794
ACTL,7389
ACTT,6770
ACU,3420
ACUIF,7372
ACUR,2834
ACUS,2834
ACY,7359
ADAC,4899
ADAD,7372
ADAP,2836
ADAPL,4841
ADBE,7372
ADBN,2741
ADC,6798
ADEC,3714
ADES,2890
ADFS,3790
ADGL,5531
ADGO,7374
ADGS,8700
ADHC,8093
ADHG,7310
ADI,3674
ADIA,9995
ADIL,2834
ADLI,3843
ADM,2070
ADMA,2836
ADMG,1000
ADMP,2834
ADMS,2834
ADMT,3845
ADMV,5130
ADNT,3714
ADNY,5171
ADOB,2300
ADOM,3714
ADP,7374
ADPT,2836
ADRO,2834
ADS,7389
ADSK,7372
ADST,7372
ADSV,3060
ADSW,4953
ADT,7381
ADTC,3490
ADTM,7310
ADTN,3661
ADTR,3577
ADTTF,3674
ADUS,8082
ADVC,7372
ADVM,2836
ADVT,6770
ADVV,5130
ADXS,2834
ADYX,3841
AE,5172
AEB,6311
AEDC,1311
AEE,4931
AEEX,8742
AEGG,1311
AEGN,1623
AEGY,2860
AEHR,3825
AEIS,3679
AEL,6311
AEM,1040
AEMD,3826
AENG,3510
AEO,5651
AEP,4911
AEPT,4941
AER,7359
AERG,3812
AERI,2836
AERN,3690
AERO,5200
AERS,4812
AES,4991
AESE,7900
AETUF,1311
AEXE,1090
AEY,5000
AEYE,7372
AEZS,2834
AFBA,6035
AFBG,3290
AFFN,3669
AFFS,6331
AFFU,9995
AFFY,2834
AFG,6331
AFH,6331
AFI,3089
AFIN,6798
AFL,6321
AFLYY,4512
AFMD,2834
AFML,5812
AFOM,7900
AFPW,2860
AFTM,3663
AFYG,2040
AG,1040
AGBA,6770
AGCBF,1040
AGCO,3523
AGCZ,5090
AGDXF,1000
AGDY,3713
AGE,2834
AGEN,2836
AGFS,6770
AGGG,5500
AGGI,2990
AGGX,2834
AGHC,8071
AGHI,4899
AGI,1040
AGIN,3822
AGIO,2834
AGLE,2834
AGLY,7350
AGM'A,6111
AGMH,7371
AGN,2834
AGNC,6798
AGO,6351
AGPL,7372
AGQ,6221
AGR,4911
AGRO,100
AGRX,2834
AGS,3990
AGSM,8742
AGSO,3523
AGTC,2836
AGTK,5960
AGTX,2821
AGX,1700
AGYP,6770
AGYS,7373
AHAD,1040
AHAG,3443
AHC,2711
AHCP,2721
AHFD,2060
AHFP,2020
AHH,6500
AHII,4950
AHIX,7374
AHL.C,6331
AHNR,2082
AHOTF,6500
AHPI,3842
AHROQ,2834
AHT,6798
AI,6798
AIDA,2834
AIFS,7374
AIG,6331
AIGI,8742
AIHS,6199
AIKO,4813
AILIM,4931
AIMC,3569
AIMH,7371
AIMT,2834
AIN,2221
AINC,8742
AIOM,4911
AIR,3720
AIRG,3663
AIRI,3728
AIRO,3663
AIRT,4513
AISSF,6211
AIT,5080
AITA,7389
AITX,3714
AIV,6798
AIVI,3651
AIVN,1040
AIXN,8200
AIZ,6321
AJG,6411
AJIA,7200
AJRD,3760
AJX,6798
AKAM,7389
AKAOQ,2834
AKBA,2834
AKBTY,6021
AKCA,2834
AKER,2835
AKG,1400
AKO'A,2086
AKOM,4899
AKR,6798
AKRO,2834
AKRX,2834
AKS,3312
AKSY,3845
AKTS,3661
AKTX,2834
AKVA,1381
AKZOY,2800
AL,7359
ALAC,6770
ALAN,4953
ALB,2821
ALBO,2834
ALBY,6021
ALC,3851
ALCO,100
ALDA,6770
ALDR,2834
ALDS,7374
ALDX,2834
ALE,4931
ALEAF,8011
ALEC,2836
ALEX,6798
ALFC,7812
ALG,3523
ALGC,6036
ALGN,3842
ALGR,6770
ALGT,4512
ALGWF,2833
ALID,5961
ALIF,7372
ALIM,2834
ALJJ,7389
ALK,4512
ALKM,5140
ALKS,2834
ALL,6331
ALLE,7381
ALLK,2834
ALLMQ,2860
ALLN,7373
ALLO,2836
ALLT,3576
ALLY,6022
ALMC,3674
ALME,1382
ALMY,6770
ALNA,2836
ALNY,2834
ALO,1040
ALOD,1311
ALOT,3577
ALPC,6500
ALPE,7819
ALPN,2834
ALPP,3669
ALPVN,4911
ALRM,7372
ALRN,2834
ALRS,6021
ALRT,3669
ALSE,2834
ALSI,2080
ALSK,4813
ALSN,3714
ALST,2834
ALT,2834
ALTA,1000
ALTB,5990
ALTD,7363
ALTGF,1311
ALTM,4922
ALTN,4911
ALTPF,1000
ALTR,7372
ALTX,1311
ALV,3714
ALVOF,1311
ALVRQ,3661
ALX,6798
ALXN,2834
ALYA,7370
ALYE,7359
ALYI,7372
AM,4922
AMAG,2834
AMAR,2834
AMAT,3674
AMAZ,1311
AMBA,3674
AMBC,6351
AMBK,6021
AMBO,8200
AMBS,2834
AMC,7830
AMCF,5171
AMCI,6770
AMCO,5050
AMCT,8200
AMCX,4841
AMD,3674
AME,3621
AMED,8082
AMEH,8742
AMEN,6798
AMFC,6035
AMFL,1400
AMG,6282
AMGN,2836
AMGY,3320
AMH,6798
AMHV,3241
AMIH,1389
AMIN,3714
AMK,6282
AMKR,3674
AMLH,6500
AMLM,1000
AMMJ,4833
AMMX,7350
AMN,7363
AMNB,6021
AMNC,2030
AMNF,2030
AMNL,1400
AMNP,5960
AMOO,2430
AMOT,3825
AMP,6282
AMPE,2834
AMPG,3669
AMPH,2834
AMPO,7380
AMPY,1311
AMPYW,1311
AMR,1311
AMRA,7948
AMRB,6022
AMRC,1700
AMRH,3674
AMRK,5094
AMRN,2834
AMRR,5090
AMRS,2860
AMRU,7389
AMRX,2834
AMS,8071
AMSC,3621
AMSF,6331
AMSU,4955
AMSWA,7372
AMT,6798
AMTA,3559
AMTB,6021
AMTD,6211
AMTX,2860
AMTY,3011
AMU,6021
AMWD,2430
AMWK,7389
AMX,4813
AMZN,5961
AN,5500
ANAB,2834
ANAT,6311
ANAV,6770
ANCE,5141
ANCN,2834
ANCSQ,5411
ANCUF,5412
ANDA,6770
ANDE,5150
ANDR,3663
ANET,3576
ANEWF,6029
ANF,5651
ANFC,1311
ANFI,2000
ANGI,7310
ANGO,3841
ANH,6798
ANIK,3841
ANIP,2834
ANIX,8071
ANLKY,8880
ANMP,3861
ANNC,1700
ANPFF,2011
ANPOF,1381
ANSS,7372
ANSU,3751
ANTE,7311
ANTGF,1381
ANTH,2834
ANTM,6324
ANVI,5400
ANVV,8200
ANXGF,1040
ANY,7374
AOBC,3480
AOBI,2834
AOGC,1311
AOIX,1382
AOLS,2834
AON,6411
AOREF,6351
AOS,3630
AOSL,3674
AOXG,2834
AOXY,6500
AP,3561
APA,1311
APAM,6282
APCX,6199
APD,2810
APDN,7380
APEI,8200
APEMY,3317
APEN,3841
APEX,2330
APGI,3510
APH,3678
APHD,7371
APHE,1311
APLD,3812
APLE,6798
APLS,2834
APLT,2834
APM,2834
APO,6282
APOG,3231
APOP,3841
APPB,2040
APPF,7372
APPN,7372
APPS,6794
APPZ,7389
APQT,7311
APRM,2721
APRN,5961
APRO,5190
APSI,4911
APT,3842
APTO,2836
APTS,6798
APTV,3714
APTX,2834
APTY,8742
APVO,2834
APVS,5045
APWC,3357
APXX,5090
APY,3530
APYI,7373
APYP,7371
APYX,3841
AQ,3674
AQARF,1000
AQB,900
AQBN,9995
AQIS,4812
AQMS,3341
AQN,4911
AQQSQ,6798
AQSP,7372
AQST,2834
AQSZF,2000
AQUA,3580
AQUI,6770
AR,1311
ARA,8090
ARAO,1040
ARAT,5812
ARAV,2834
ARAY,3841
ARBI,3841
ARBU,4213
ARC,7330
ARCB,4213
ARCE,8200
ARCH,1221
ARCI,5700
ARCO,5812
ARCS,3433
ARCT,2834
ARCW,3490
ARD,3221
ARDMQ,3845
ARDS,2834
ARDX,2834
ARE,6798
AREB,3089
AREC,7600
AREM,3949
ARES,6282
ARESF,6798
ARET,1311
AREX,1311
ARFXF,8731
ARGB,7372
ARGC,5090
ARGL,7381
ARGO,6361
ARGQ,8742
ARGSQ,2834
ARGX,2836
ARHN,7011
ARI,6798
ARKR,5812
ARL,6510
ARLO,3651
ARLP,1221
ARMC,7380
ARME,9995
ARMK,5812
ARMP,2836
ARMT,1600
ARNA,2834
ARNC,3350
ARNI,2834
AROC,4922
AROW,6021
ARPC,7200
ARPO,2834
ARQL,2834
ARR,6798
ARRT,1000
ARSC,3621
ARSN,1000
ARSP,7011
ARST,6199
ARTD,7389
ARTH,3841
ARTL,7389
ARTM,3661
ARTNA,4941
ARTR,1090
ARTTF,1000
ARTW,3523
ARTX,3690
ARVN,2834
ARVY,4911
ARW,5065
ARWD,800
ARWR,2834
ARXXL,3842
ARYA,6770
ARYC,3826
ARYX,2834
ASAM,6331
ASB,6022
ASC,4412
ASCBQ,2844
ASCC,7200
ASCK,3272
ASCMA,7380
ASCS,2060
ASDN,1700
ASDRF,1000
ASDZF,1000
ASEJF,4899
ASFI,6153
ASFT,7372
ASFX,3841
ASGN,7363
ASH,5160
ASIN,6331
ASIX,2821
ASKDF,1000
ASKE,1311
ASKH,3652
ASLN,2834
ASM,1000
ASMB,2834
ASMIY,3559
ASML,3559
ASNA,5600
ASNB,3841
ASND,2834
ASNT,7372
ASOE,1040
ASPN,5030
ASPR,7310
ASPS,7380
ASPU,8200
ASPW,3510
ASPZ,6552
ASR,4581
ASRT,2834
ASRV,6021
ASTC,3826
ASTE,3531
ASTI,3674
ASUR,7373
ASV,3531
ASWRF,1040
ASX,3674
ASXSF,1000
ASYS,3559
ASZP,6512
AT,4900
ATAI,8200
ATAO,3841
ATAR,3714
ATAX,6199
ATBHF,1000
ATCV,3714
ATEA,7372
ATEC,3841
ATEN,3576
ATEX,4813
ATFS,6022
ATGE,8200
ATGN,3661
ATH,6311
ATHC,5063
ATHE,2834
ATHI,8742
ATHM,7374
ATHX,2834
ATI,3317
ATIF,8742
ATIG,7990
ATIN,6770
ATIS,2860
ATKR,3690
ATLC,6141
ATLDF,1040
ATLO,6021
ATLRF,1000
ATLS,1311
ATLT,2050
ATMO,7389
ATMS,2890
ATNI,4813
ATNM,2834
ATNP,6153
ATNX,2834
ATO,4924
ATOM,3674
ATOS,2834
ATOXF,1000
ATPGQ,1311
ATPL,3081
ATPT,2834
ATR,3089
ATRA,2836
ATRC,3841
ATRI,3841
ATRM,2452
ATRO,3728
ATRS,3841
ATRX,2834
ATSG,4513
ATTBF,2834
ATTO,4813
ATU,3590
ATUS,4841
ATV,5900
ATVI,7372
ATVK,3714
ATXG,7330
ATXI,2834
ATYG,7374
ATYM,5094
AU,1040
AUB,6022
AUBN,6022
AUDC,3661
AUG,1040
AUIAF,1000
AUMN,1040
AUO,3674
AUPH,2834
AURI,3140
AURM,7372
AURT,3823
AURX,3841
AUSI,3690
AUTL,2836
AUTO,7370
AUTR,2851
AUXXF,1040
AUY,1040
AVA,4931
AVAL,6029
AVAV,3721
AVB,6798
AVCO,8742
AVCRF,2834
AVD,2870
AVDL,2834
AVDR,2834
AVEO,2834
AVEW,7900
AVGC,6172
AVGG,9995
AVGO,3674
AVGR,3841
AVH,4512
AVID,7372
AVIX,6770
AVLIF,1000
AVLNF,1000
AVLP,2860
AVLR,7372
AVMR,3841
AVMXY,8880
AVNE,4813
AVNI,6770
AVNS,3842
AVNW,3663
AVNY,4813
AVOA,6792
AVOI,1311
AVOZ,7372
AVP,2844
AVPI,7997
AVPMF,1090
AVRI,4899
AVRN,3651
AVRO,2836
AVSR,3576
AVT,5065
AVTD,3841
AVTI,3842
AVTO,9995
AVTR,3826
AVTS,3651
AVVH,2834
AVVIY,6311
AVX,3670
AVXL,8731
AVXT,2836
AVY,2670
AVYA,3661
AWAW,2111
AWCMY,3330
AWEB,7372
AWGI,3585
AWI,3089
AWK,4941
AWKS,6770
AWON,2111
AWR,4941
AWRE,7372
AWRS,1040
AWSL,4911
AWSM,5065
AWWC,8742
AWWI,6770
AWX,4953
AX,6035
AXAHY,6311
AXAS,1311
AXBSF,7359
AXCG,3669
AXDX,3826
AXE,5063
AXGN,3845
AXGT,2834
AXIIF,8880
AXIM,2834
AXL,3714
AXLA,2836
AXLE,3790
AXLX,7372
AXMM,1540
AXMP,2834
AXNX,3841
AXP,6199
AXPLF,1311
AXPQQ,3690
AXR,2721
AXREF,1040
AXRX,5122
AXS,6331
AXSM,2834
AXTA,2851
AXTC,7372
AXTG,3612
AXTI,3674
AXU,1040
AXXDF,1000
AY,4911
AYI,3640
AYR,7359
AYRSF,7370
AYSI,3320
AYTU,2834
AYX,7372
AYXE,1400
AZASF,1040
AZGSQ,1311
AZIL,1000
AZN,2834
AZO,5531
AZPN,7371
AZRE,4911
AZRH,5500
AZRX,2834
AZSEY,6411
AZUL,4512
AZZ,3640
AZZUF,1000
B,3490
BA,3721
BABA,7389
BABB,2050
BABL,4841
BAC,6021
BAH,8742
BAJFF,1400
BAM,6512
BANC,6021
BAND,7372
BANF,6021
BANI,5045
BANJ,5940
BANR,6022
BANT,3721
BAP,6029
BAR,6799
BAS,1389
BASA,7310
BASFY,2800
BASI,8731
BAX,3841
BAYK,6022
BAYN,6021
BAYRY,2834
BB,7372
BBAL,8082
BBAR,6029
BBBXF,1040
BBBY,5700
BBCP,1700
BBD,6022
BBDA,5960
BBGI,4832
BBGP,3533
BBII,1311
BBIO,2834
BBL,1220
BBLG,3842
BBLKF,4412
BBLS,1311
BBSI,7363
BBT,6021
BBU,1700
BBUCQ,5810
BBVA,6029
BBW,5945
BBX,6500
BBY,5731
BC,3510
BCAP,5940
BCAUY,3711
BCBHF,7340
BCBP,6035
BCC,5030
BCCI,5810
BCDA,2836
BCDI,7372
BCDS,1040
BCE,4813
BCEI,1311
BCEKF,1000
BCEL,2834
BCH,6029
BCII,7389
BCLE,1400
BCLI,2836
BCML,6022
BCND,4899
BCNN,7374
BCO,4731
BCOM,4899
BCOR,6199
BCOV,7374
BCOW,6036
BCPC,2800
BCRH,6331
BCRX,2836
BCS,6029
BCTF,6035
BCWG,7374
BCYC,2834
BCYP,8200
BDC,3357
BDCM,2390
BDCO,1311
BDFH,7389
BDGE,6021
BDGR,1311
BDIC,3714
BDL,5812
BDN,6798
BDPT,6770
BDR,3663
BDRBF,3721
BDRY,6221
BDSI,2834
BDVB,5812
BDWYF,1040
BDX,3841
BE,3620
BEAG,1000
BEAT,8093
BEBE,2330
BECN,5030
BEDU,8200
BEEI,1000
BEES,5190
BEGI,6153
BELFA,3677
BELR,3578
BEMG,3652
BEN,6282
BENH,2050
BEP,4911
BERI,3674
BERK,6022
BERY,3089
BESIY,3674
BEST,4210
BETS,4899
BEUT,5122
BFAM,8351
BFARF,8880
BF'B,2080
BFC,6021
BFCC,6022
BFCH,1000
BFFI,6035
BFGC,1000
BFIN,6035
BFLD,7389
BFNH,3826
BFRA,2834
BFRE,2860
BFS,6798
BFST,6022
BFTI,3490
BG,2070
BGCP,6200
BGEM,1000
BGES,2834
BGFT,7822
BGFV,5940
BGG,3510
BGI,5944
BGII,6519
BGMD,2835
BGNE,2834
BGS,2000
BGSF,7363
BH,5812
BHAT,3944
BHB,6022
BHBCQ,6022
BHC,2834
BHCV,3790
BHE,3672
BHF,6311
BHGE,3533
BHIN,6282
BHLB,6036
BHLD,7374
BHLL,1000
BHNGF,6794
BHP,1000
BHPA,6500
BHR,6798
BHTG,8200
BHVN,2834
BHWB,6035
BICB,4522
BICTF,2834
BICX,8093
BID,7389
BIDCF,1311
BIDU,7370
BIEI,2836
BIEL,3845
BIG,5331
BIGG,3944
BIIB,2836
BIIO,3640
BILI,7374
BIMI,3490
BIMT,8742
BIO,3826
BIOAF,5122
BIOAQ,2860
BIOC,8071
BIOIF,3576
BIOL,3843
BIONQ,5040
BIOQ,8731
BIOS,8082
BIOX,2870
BIP,4400
BIPH,3841
BIQIF,200
BISA,6770
BITA,7374
BITCF,6099
BIVID,2834
BIXT,2834
BIZM,3100
BJ,5331
BJCD,2510
BJRI,5812
BK,6022
BKCT,5141
BKD,8050
BKE,5651
BKEN,7500
BKEP,4610
BKFG,6282
BKGMF,6029
BKH,4911
BKI,7372
BKIT,7200
BKJ,6022
BKKN,1311
BKMM,1000
BKNG,7389
BKOR,6021
BKPPF,6799
BKRP,1381
BKRRF,1040
BKSC,6022
BKSD,4899
BKSH,6510
BKTI,3663
BKU,6035
BKUH,1040
BKYI,3576
BL,7372
BLAB,2040
BLBD,3713
BLBX,7371
BLCK,2330
BLCM,2834
BLCS,100
BLD,1700
BLDP,3620
BLDR,5211
BLDV,1311
BLFR,3533
BLFS,3845
BLGI,8050
BLGO,2800
BLHI,2300
BLIAQ,7841
BLILF,1400
BLIN,7372
BLIS,7310
BLK,6211
BLKB,7372
BLKCF,6199
BLKG,1311
BLL,3411
BLLB,7812
BLLI,5065
BLMN,5812
BLNC,8742
BLNK,3612
BLPG,5900
BLPH,2834
BLRX,2834
BLSP,7370
BLSSF,4911
BLTO,1000
BLUE,2836
BLUU,5812
BLX,6029
BLXX,4911
BLYQ,5200
BMA,6029
BMBN,6022
BMCH,5211
BMGP,3826
BMI,3824
BMIN,1382
BMIX,1400
BMKDF,2833
BMMCF,8742
BMMJ,2834
BMNM,6798
BMO,6029
BMRA,3843
BMRC,6022
BMRK,7374
BMRN,2834
BMSN,7389
BMSPF,7822
BMTC,6022
BMTLF,1000
BMTM,7371
BMXC,2670
BMXI,1400
BMY,2834
BNCC,6021
BNCM,3580
BNED,5940
BNET,2870
BNFT,7372
BNGI,2834
BNGO,3826
BNIGF,3841
BNKL,3842
BNNLF,1090
BNO,6221
BNPQY,8880
BNS,6022
BNSO,3679
BNTC,2834
BNTT,2731
BNXR,1311
BNYN,8011
BOCH,6022
BOGN,3661
BOH,6022
BOKF,6021
BOLB,6022
BOLD,2836
BOLV,5090
BOMN,6510
BONTQ,5311
BONXF,1040
BONZ,1000
BOOM,3390
BOOT,5661
BOPO,1700
BORMF,1000
BORNY,2082
BORR,1381
BORT,6021
BOSC,3576
BOTH,6770
BOTJ,6022
BOTY,3640
BOX,7372
BOXL,3861
BOXS,5960
BP,2911
BPFH,6022
BPIGF,1311
BPL,4610
BPMC,2834
BPMI,2621
BPMP,4610
BPMX,2834
BPOL,7359
BPOP,6022
BPR,6798
BPSR,3790
BPT,2911
BPTH,2834
BPY,6500
BR,7389
BRAV,4813
BRBI,6035
BRBW,6022
BRC,3990
BRCH,3669
BRCOQ,2810
BRER,6513
BREW,2082
BRFH,2030
BRFS,2011
BRG,6798
BRGC,9995
BRGO,3910
BRID,2013
BRK'A,6331
BRKCF,1000
BRKK,3089
BRKL,6035
BRKMY,2860
BRKO,7372
BRKR,3826
BRKS,3559
BRKSL,7389
BRLL,1311
BRMT,3564
BRN,1311
BRNE,1220
BRO,6411
BROE,1311
BROG,6770
BRPA,6770
BRPBF,6029
BRPM,6770
BRQS,7373
BRRE,6500
BRSF,3841
BRSI,3728
BRSWQ,4522
BRT,6798
BRTE,3081
BRTI,7372
BRTX,8090
BRVO,7990
BRX,6798
BRY,1311
BRYFF,1382
BRYN,7812
BRZL,1000
BRZV,5812
BSAC,6029
BSBR,6029
BSEG,7819
BSEM,9995
BSET,2511
BSFO,6022
BSGC,7389
BSGM,3845
BSHF,4950
BSHI,2300
BSIG,6282
BSM,1311
BSMX,6029
BSPK,2834
BSPM,2834
BSQR,7389
BSRC,3081
BSRR,6022
BSRSF,1090
BSSP,4700
BSTC,2834
BSTG,3841
BSTK,2741
BSTN,7389
BSTO,1381
BSVN,6022
BSX,3841
BSYI,2834
BSYN,3829
BT,4813
BTAI,2834
BTCA,2834
BTCS,7372
BTCY,3841
BTDG,7841
BTE,1381
BTFL,8742
BTG,1040
BTGI,5084
BTGN,7310
BTHE,2834
BTHI,6770
BTHR,2030
BTHT,6035
BTI,2111
BTLN,6500
BTLR,7812
BTN,3861
BTOW,5944
BTSC,9995
BTSR,7373
BTTR,2080
BTU,1221
BTXI,6770
BUD,2082
BUDZ,8731
BUKS,7990
BURG,5812
BURL,5311
BUROF,2020
BUSC,1040
BUSE,6022
BUUZ,6798
BV,700
BVFL,6035
BVN,1000
BVNRY,2836
BVSN,7372
BVTK,7372
BVXV,2836
BW,3433
BWA,3714
BWAV,7374
BWAY,3841
BWB,6022
BWBA,7370
BWEN,3360
BWFG,6022
BWL'A,7900
BWMC,6770
BWMG,3949
BWMY,7389
BWOWF,3531
BWPC,5211
BWSOF,1382
BWTL,5500
BWTX,4813
BWVI,6199
BWXT,3510
BX,6282
BXC,5031
BXEFF,1311
BXG,6531
BXLC,6799
BXMT,6798
BXNG,2100
BXP,6798
BXXY,5960
BY,6022
BYD,7011
BYDC,5190
BYFC,6035
BYIN,1311
BYLG,7374
BYND,2000
BYOC,7374
BYRG,6500
BYSI,2834
BZH,1531
BZIC,3651
BZLFY,5141
BZUN,5961
BZYR,2835
C,6021
CAAP,4581
CAAS,3714
CABE,7389
CABO,4841
CAC,6021
CACA,5621
CACC,6141
CACH,5621
CACI,7373
CADE,6021
CADNF,2600
CAE,3690
CAEN,1000
CAFI,5500
CAFS,1311
CAG,2000
CAGR,5141
CAGU,7011
CAH,5122
CAHI,5531
CAI,7359
CAJ,3861
CAKE,5812
CAL,3140
CALA,2834
CALB,6022
CALI,5010
CALM,200
CALW,6021
CALX,4899
CAMG,7310
CAMP,3663
CAMT,3827
CANB,5122
CANE,6221
CANF,2834
CANG,7372
CANL,8071
CANN,7381
CANQF,2833
CANX,1311
CAPB,6022
CAPC,3640
CAPD,2834
CAPL,5172
CAPP,6199
CAPR,2834
CAPS,2834
CAPV,4941
CAR,7510
CARA,2834
CARB,7374
CARG,7374
CARO,6022
CARS,7374
CART,6022
CARV,6035
CASA,3663
CASH,6035
CASI,2836
CASS,7389
CASY,5500
CAT,3531
CATB,2834
CATC,6022
CATG,8200
CATI,7200
CATM,7389
CATN,6770
CATO,5621
CATS,8090
CATV,3663
CATY,6022
CAWW,2844
CB,6331
CBAI,8071
CBAN,6022
CBAT,3690
CBAY,2834
CBB,4813
CBBB,4522
CBBT,5047
CBCA,7200
CBD,5411
CBDC,1000
CBDEF,7373
CBDG,6199
CBDL,7373
CBDS,7200
CBDX,2090
CBDY,2833
CBEV,5180
CBEX,3572
CBFC,6022
CBFV,6022
CBGH,3634
CBGI,1700
CBIO,2834
CBIS,2834
CBKC,5621
CBKM,6021
CBKW,6022
CBL,6798
CBLI,8731
CBLK,7372
CBLLF,6795
CBM,2834
CBMB,6035
CBMG,2836
CBMJ,4911
CBNC,6022
CBNK,6021
CBNT,6799
CBOE,6200
CBPI,2834
CBPO,2836
CBPX,3270
CBRE,6500
CBRI,7371
CBRJ,7372
CBRL,5812
CBS,4833
CBSC,3841
CBSH,6022
CBT,2890
CBTX,6021
CBU,6021
CBUS,100
CBWA,6022
CBYI,5040
CBZ,7389
CC,2800
CCAJ,7389
CCAN,7389
CCAQ,6770
CCB,6022
CCBC,6021
CCBG,6022
CCCI,4841
CCCL,3250
CCCP,7389
CCEL,8090
CCEP,2086
CCF,3640
CCFC,6036
CCFH,6035
CCFN,6022
CCGGY,8880
CCGM,8711
CCGN,6159
CCGY,2860
CCH,6770
CCHBF,2086
CCHZ,4899
CCI,6798
CCIH,7374
CCJ,1090
CCK,3411
CCL,4400
CCLP,1389
CCLX,1040
CCM,8011
CCMP,3674
CCMS,4899
CCNB,6021
CCNE,6022
CCNI,7363
CCO,7310
CCOB,6500
CCOI,4899
CCOM,5070
CCOP,4813
CCPR,5094
CCR,1220
CCRC,7389
CCRE,1000
CCRN,7363
CCS,1531
CCSB,6035
CCTC,1311
CCTL,5990
CCTR,3570
CCU,2082
CCUR,3571
CCWF,7371
CCX,6770
CCXI,2834
CCYC,2840
CDAY,7372
CDBT,5912
CDE,1040
CDELF,1040
CDEV,1311
CDFT,7389
CDID,1382
CDIIQ,8742
CDIX,6770
CDK,7389
CDLX,7370
CDMO,2834
CDNA,8071
CDNN,3310
CDNS,7372
CDOR,6798
CDR,6798
CDRBQ,7372
CDSG,2834
CDTAF,7372
CDTI,3564
CDTX,2836
CDVIQ,1389
CDW,5961
CDWD,7372
CDXC,2833
CDXI,2834
CDXS,2860
CDYCF,1040
CDZI,4941
CE,2820
CEA,4512
CECE,3564
CECL,6035
CECO,8200
CEHD,5700
CEI,1311
CEIX,1220
CEL,4812
CELC,8071
CELG,2834
CELH,2086
CELP,1389
CELX,4813
CELZ,2836
CEMI,2834
CENT,5190
CENX,3334
CEO,1311
CEOS,5090
CEPU,4911
CEQP,5960
CERC,2834
CERN,7373
CERPQ,2821
CERS,3841
CERX,1221
CESX,4955
CETG,1389
CETH,7380
CETV,4833
CETX,3829
CETY,3672
CEVA,3674
CEVE,8093
CEXE,6500
CF,2870
CFB,6022
CFBI,6035
CFBK,6035
CFCC,9995
CFDB,6035
CFFA,6770
CFFI,6022
CFFN,6035
CFG,6022
CFGMF,1000
CFGX,5731
CFIC,6021
CFIN,6321
CFMS,3842
CFNB,6021
CFOK,6022
CFOO,6770
CFPI,5944
CFR,6021
CFRI,4400
CFRX,2834
CFST,6029
CFSU,6199
CFTN,1040
CFX,3561
CG,6282
CGA,2870
CGAC,1040
CGC,2833
CGCO,1040
CGDI,6500
CGEI,4911
CGEM,7389
CGEN,2836
CGFI,1000
CGGYY,1382
CGHC,8011
CGIP,4213
CGIX,8071
CGLD,7948
CGNH,7389
CGNX,3823
CGOTF,2834
CGPI,6500
CGRA,6411
CGSO,7371
CGSXF,2711
CGUD,7389
CGYG,7389
CGYV,3569
CHA,4813
CHAA,7372
CHAC,6770
CHAG,1311
CHAM,8731
CHAP,1311
CHBH,6022
CHBM,7389
CHBU,2870
CHCC,2890
CHCI,1531
CHCO,6021
CHCR,6324
CHCT,6798
CHCX,4813
CHD,2840
CHDN,7948
CHE,8082
CHEF,5141
CHEK,3844
CHFI,6153
CHFS,3845
CHGG,8200
CHGH,4832
CHGI,3620
CHGS,3990
CHGT,7372
CHH,7011
CHHE,2834
CHIF,6799
CHIT,5140
CHJI,3621
CHK,1311
CHKKF,1000
CHKP,7372
CHKR,1311
CHL,4813
CHLE,2030
CHMA,2834
CHMD,7310
CHME,5122
CHMG,6022
CHMI,6798
CHMP,2750
CHMR,5084
CHNC,3272
CHND,7812
CHNG,7374
CHNGQ,4923
CHNO,5990
CHNR,1040
CHNUF,2731
CHOOF,1000
CHOPF,3310
CHRA,4955
CHRS,2836
CHRW,4731
CHS,5621
CHSCP,5150
CHSH,3140
CHSO,1040
CHSP,6798
CHT,4812
CHTR,4841
CHU,4812
CHUC,2833
CHUY,5812
CHWE,6199
CHWY,5961
CHYL,8050
CI,6324
CIA,6311
CIAU,1520
CIB,6029
CIBEY,8880
CIBH,6022
CIBN,6035
CIBY,4813
CICC,5960
CICN,7371
CIDM,7841
CIEN,3661
CIFS,8742
CIG,4911
CIGI,6500
CIIT,1311
CIIX,8200
CIM,6798
CINF,6331
CINR,1400
CIO,6798
CIR,3490
CISN,7372
CIT,6021
CITY,8744
CITZ,6022
CIVB,6022
CIWT,4953
CIWV,6021
CIX,3420
CIZN,6022
CJ,1389
CJJD,5912
CKFC,6021
CKH,4412
CKNTF,3845
CKPT,2834
CKX,1311
CL,2844
CLAD,100
CLAR,3949
CLB,1389
CLBK,6035
CLBN,1090
CLBS,8090
CLCI,7389
CLCN,8200
CLCS,2834
CLCT,7389
CLDB,6035
CLDC,6159
CLDEQ,1221
CLDR,7372
CLDT,6798
CLDX,2835
CLEV,3590
CLF,1000
CLFD,3661
CLGX,7374
CLGZF,8742
CLH,4955
CLHI,5065
CLHRF,1040
CLI,6798
CLIR,3823
CLIS,7372
CLKA,7500
CLKTF,2810
CLLS,2836
CLLXF,1090
CLMT,2911
CLNC,6798
CLNE,4932
CLNY,6798
CLOK,7374
CLOW,7370
CLPE,7389
CLPR,6798
CLPS,7372
CLR,1311
CLRB,2834
CLRI,4812
CLRO,3661
CLS,3672
CLSD,2834
CLSH,5900
CLSI,7372
CLSK,4991
CLSN,2834
CLTH,2860
CLTS,7381
CLUB,7997
CLVS,2834
CLW,2631
CLWA,4822
CLWD,5900
CLWT,5040
CLWY,5200
CLX,2842
CLXS,7372
CLXT,2870
CM,6029
CMA,6021
CMBM,3663
CMC,3312
CMCI,5013
CMCL,1040
CMCM,7372
CMCO,3531
CMCSA,4841
CMCT,6798
CMD,3841
CMDT,6221
CME,6200
CMETF,8880
CMEY,2731
CMFO,2090
CMFV,7373
CMG,5812
CMGO,7310
CMHZ,1000
CMI,3510
CMIM,1040
CMIT,7389
CMKI,3572
CMLS,4832
CMND,7370
CMNR,4911
CMO,6798
CMOT,3751
CMP,1400
CMPD,7374
CMPR,2750
CMRE,4412
CMRX,2834
CMRZD,1000
CMS,4931
CMS.B,4931
CMT,3089
CMTDF,6029
CMTL,3663
CMTV,6021
CMTX,7380
CMUV,6035
CMXC,5900
CMXX,7372
CNA,6331
CNAB,2834
CNAF,6022
CNAT,2834
CNBB,6021
CNBI,5122
CNBKA,6022
CNBX,2834
CNBZ,6021
CNC,6324
CNCC,2100
CNCE,2834
CNCG,7389
CNCL,6770
CNCM,7389
CNCN,3674
CNCT,4899
CNDGF,1040
CNDT,7389
CNENF,1400
CNER,4924
CNET,7370
CNF,6199
CNFR,6331
CNGA,3634
CNGFF,7372
CNGT,1000
CNHA,6200
CNHC,7320
CNHI,3531
CNI,4011
CNIG,4923
CNJG,2833
CNK,7830
CNLHN,4911
CNMD,3845
CNMF,8082
CNMG,3089
CNNA,1090
CNNB,6035
CNND,6021
CNNE,5810
CNNM,7374
CNO,6321
CNOB,6022
CNP,4911
CNQ,1311
CNR,3448
CNRD,3730
CNRMF,1000
CNRQ,6770
CNRR,1382
CNS,6282
CNSL,4813
CNST,2834
CNTF,7389
CNTO,1000
CNTY,7011
CNVAF,5961
CNVT,6799
CNWHF,7310
CNWT,5045
CNX,1311
CNXM,4922
CNXN,5961
CNXS,7200
CNYCF,1000
CO,6770
COCBF,1311
COCM,3842
COCP,2834
CODA,3812
CODI,2510
CODX,3841
COE,8200
COF,6021
COFE,2030
COFI,7310
COFS,6022
COG,1311
COGLF,6792
COGV,7380
COHG,1311
COHN,6211
COHO,7372
COHR,3826
COHU,3825
COIL,1311
COKE,2086
COLB,6022
COLD,6798
COLL,2834
COLM,2300
COMM,3663
CONC,3663
CONE,6798
CONN,5731
COO,3851
COOP,6199
COP,2911
COR,6798
CORC,2836
CORE,5141
CORG,4813
CORR,6798
CORT,2834
CORV,2834
CORVF,1040
CORX,1400
COSG,4210
COSM,5122
COSO,6022
COST,5331
COT,2086
COTE,3510
COTY,2844
COUP,7372
COWI,7372
COWN,6211
COWP,6512
CP,4011
CPA,4512
CPAAU,6770
CPAC,3241
CPAH,7372
CPAI,6770
CPB,2000
CPCC,1311
CPE,1311
CPEU,5600
CPF,6022
CPFH,6211
CPG,1311
CPHB,2300
CPHC,7948
CPHI,2834
CPIX,2834
CPK,4923
CPKA,700
CPKF,6021
CPL,4911
CPLG,6798
CPLP,4412
CPLT,7311
CPMD,2834
CPMMF,1400
CPOW,2860
CPPXF,1311
CPQQ,3620
CPRI,3100
CPROF,4813
CPRT,5500
CPRX,2834
CPS,3714
CPSH,3260
CPSI,7371
CPSN,2430
CPSO,7350
CPSS,6199
CPST,3510
CPSV,3420
CPT,6798
CPTP,6519
CPTRF,1000
CPWR,4931
CPYT,6153
CQCQ,3751
CQER,1381
CQGU,3990
CQP,4924
CR,3490
CRAI,8111
CRAY,3571
CRBO,1311
CRBP,2834
CRBTF,6153
CRC,1311
CRCM,7200
CRCUF,1040
CRCW,2340
CRD'A,6411
CRDE,2860
CRDX,6199
CREAY,3577
CREE,3674
CREG,7389
CRESF,6500
CREX,7373
CRGE,1000
CRGP,7372
CRGS,3714
CRH,3241
CRHM,8000
CRI,2300
CRIS,2836
CRJI,5030
CRK,1311
CRKT,7990
CRL,8731
CRLBF,2833
CRLI,3663
CRLKP,7500
CRM,7372
CRMBQ,5400
CRMD,2834
CRMT,5500
CRMZ,7320
CRNT,3663
CRNX,2834
CRNY,5961
CROL,6022
CRON,2833
CROX,3021
CRQE,4950
CRR,3290
CRRSQ,7363
CRRVF,3841
CRS,3312
CRSA,6770
CRSM,7374
CRSP,2836
CRSS,3577
CRT,6792
CRTG,3669
CRTL,6770
CRTO,7311
CRTPF,2834
CRTX,2836
CRUS,3674
CRVH,7900
CRVL,6411
CRVS,2834
CRVW,3663
CRWD,7372
CRWE,5734
CRWG,7374
CRWS,2211
CRXM,2836
CRY,3841
CRYO,8090
CRZHF,1000
CRZO,1311
CS,6211
CSAY,8062
CSBB,6022
CSBI,3711
CSBR,2836
CSCO,3576
CSFL,6021
CSFSF,6163
CSGH,2810
CSGP,7389
CSGS,7374
CSHB,6022
CSHEF,6799
CSII,3841
CSIQ,3674
CSKD,7389
CSL,3060
CSLT,7374
CSOC,5030
CSOD,7372
CSOL,3433
CSPI,7373
CSRH,3669
CSS,2771
CSSE,7819
CSSI,1540
CSSV,4400
CSTE,3281
CSTI,7381
CSTL,8071
CSTM,3341
CSTR,6022
CSTU,3640
CSU,8050
CSUI,2600
CSUNY,3674
CSV,7200
CSVI,7374
CSWC,2200
CSWI,2891
CSX,4011
CSYS,7373
CTA.A,2820
CTAC,6770
CTAM,5051
CTAS,2320
CTB,3011
CTBG,3533
CTBI,6022
CTBO,2834
CTCC,6500
CTDH,2860
CTDT,1090
CTEK,7389
CTEQF,1000
CTG,7371
CTGO,1040
CTHR,3910
CTIB,3060
CTIC,2834
CTK,7374
CTL,4813
CTLE,3281
CTLT,2834
CTMX,2834
CTNR,6792
CTO,6500
CTON,1531
CTOP,5065
CTPPO,4911
CTPR,7361
CTRA,1221
CTRC,2300
CTRE,6798
CTRM,4412
CTRN,5600
CTRP,7389
CTS,3672
CTSDF,3571
CTSH,7371
CTSO,3841
CTST,2833
CTT,6798
CTTC,3841
CTTH,1040
CTUY,6035
CTV,4813
CTVA,100
CTVEF,8060
CTVZ,4100
CTWS,4941
CTXIF,2200
CTXR,2834
CTXS,7372
CTXV,3663
CTXXF,3272
CTYI,5150
CUB,3829
CUBE,6798
CUBG,2090
CUBI,6022
CUBV,1090
CUE,2834
CUEN,5140
CUI,5065
CUII,6311
CUK,4400
CULL,6035
CULP,2211
CUO,3270
CUR,2836
CURLF,2833
CURM,4832
CURO,6199
CURR,2673
CUSI,2030
CUTR,3845
CUZ,6798
CVA,4991
CVAS,3669
CVAT,700
CVBF,6022
CVCO,2451
CVCS,7389
CVCY,6022
CVE,1311
CVEO,7000
CVET,5912
CVGI,3714
CVGW,700
CVHL,6798
CVI,2911
CVIA,1400
CVLB,3990
CVLT,7372
CVLY,6035
CVM,2836
CVNA,5500
CVR,3540
CVRS,3841
CVS,5912
CVSC,7200
CVSI,2834
CVST,4813
CVTI,4213
CVTTF,5045
CVTV,4899
CVU,3728
CVV,3559
CVVUF,1000
CVX,2911
CW,3590
CWBC,6022
CWBHF,5122
CWBR,2834
CWCO,4941
CWEN,4911
CWGL,2080
CWH,5500
CWIR,4899
CWK,6500
CWNHF,5051
CWNOF,7389
CWNR,7372
CWRL,7385
CWSS,1000
CWST,4953
CWT,4941
CWTC,7372
CX,3241
CXBS,6512
CXCQ,3674
CXDC,3086
CXDO,4813
CXEE,4955
CXGP,7389
CXIA,4955
CXKJ,8200
CXO,1311
CXP,6798
CXRXF,2834
CXUS,7310
CXW,6798
CXXIF,6770
CXXMF,1040
CY,3674
CYAD,2834
CYAN,2833
CYAP,8742
CYBA,6021
CYBD,3661
CYBE,3827
CYBF,5990
CYBL,3674
CYBNY,7373
CYBR,7372
CYCA,7389
CYCC,2834
CYCN,2834
CYD,3510
CYDI,2836
CYDY,2834
CYH,8062
CYIG,2834
CYIO,7389
CYLC,1311
CYNK,7374
CYNS,1311
CYOU,7372
CYPE,1311
CYPW,3621
CYRN,7372
CYRP,7372
CYRS,1731
CYRX,2834
CYSM,6022
CYTK,2834
CYTR,2836
CZBC,6022
CZBT,6022
CZFS,6022
CZMR,6798
CZNC,6022
CZNI,3751
CZR,7011
CZWI,6035
CZZ,2060
D,4911
DAAT,3420
DAC,4412
DAIO,3825
DAKT,3990
DAL,4512
DAN,3714
DANOY,2000
DANR,7389
DAR,2070
DARE,2834
DASTY,7372
DAUGF,1000
DAVA,7371
DAVC,5990
DAVE,5812
DB,6022
DBA,6221
DBB,6221
DBC,6221
DBCP,6022
DBD,3578
DBE,6221
DBGF,1000
DBI,5661
DBMG,1700
DBMM,7389
DBO,6221
DBP,6221
DBRM,1311
DBS,6221
DBUB,5731
DBV,6221
DBVT,2836
DBX,7372
DCAC,8742
DCAR,4899
DCGD,4899
DCI,3564
DCIX,4412
DCLT,7389
DCMYY,3663
DCNNF,1000
DCO,3728
DCOM,6035
DCP,4922
DCPH,2834
DCTH,3841
DD,2821
DDAIF,3711
DDBXF,5045
DDD,7372
DDDA,3690
DDDX,2750
DDLX,8300
DDMX,6770
DDRI,1382
DDS,5311
DDXSQ,2834
DE,3523
DEA,6798
DEAC,6770
DECK,3021
DECN,7371
DEEL,5900
DEER,3634
DEI,6798
DELAF,6500
DELL,3571
DELTY,2340
DEMO,7373
DENN,5812
DENR,1382
DEO,2080
DEQI,6500
DERM,2834
DESP,4700
DEST,5621
DEVM,1311
DEVV,5900
DEWM,2080
DEWY,3480
DF,2020
DFBH,6770
DFCO,7363
DFEL,3690
DFFN,2834
DFHL,4700
DFIN,7380
DFMTF,1000
DFRG,5812
DFS,6141
DFTC,4813
DFTS,3679
DG,5331
DGCRF,2835
DGDM,3663
DGICA,6331
DGII,3576
DGIX,3960
DGJI,5912
DGL,6221
DGLF,7812
DGLT,4822
DGLY,3663
DGMA,5045
DGNG,3670
DGRI,5160
DGSE,5944
DGTW,3570
DGWR,4955
DGX,8071
DHCBW,6162
DHCC,7011
DHI,1531
DHIL,6282
DHR,3823
DHT,4412
DHUA,1520
DHX,7389
DHXM,7829
DIAAF,3990
DIEN,1389
DIGAF,5180
DIGI,3572
DIGP,8742
DIGX,1600
DIMC,6022
DIN,5812
DINO,2430
DIOD,3674
DION,700
DIRV,4899
DIS,7990
DISCA,4841
DISHV,4841
DIT,5141
DJCO,2711
DJSP,7389
DK,2911
DKAM,2080
DKGH,7990
DKL,4610
DKMR,1000
DKS,5940
DKSC,5122
DKTS,8741
DL,8200
DLA,5130
DLAD,3576
DLB,6794
DLCR,1400
DLDG,7389
DLGI,7389
DLHC,7363
DLII,2452
DLMI,1400
DLMV,6022
DLNG,4400
DLOC,4953
DLOV,1311
DLPH,3714
DLPN,7200
DLPX,3555
DLR,6798
DLTA,1382
DLTH,5600
DLTI,7200
DLTR,5331
DLX,2780
DLYT,3990
DMAC,2834
DMAN,7819
DMDA,7310
DMDD,1400
DMEDF,3841
DMHI,2300
DMIFF,5094
DMKBA,6022
DMLP,1311
DMPI,2834
DMRC,7373
DMSI,3841
DMTA,3714
DMTK,8071
DNAG,8731
DNAX,7311
DNBD,5141
DNBF,6021
DNDT,3674
DNJR,6199
DNKN,5810
DNLI,2836
DNN,1090
DNO,6221
DNOW,3533
DNR,1311
DNRG,1382
DO,1381
DOC,6798
DOCU,7372
DOGZ,3990
DOMO,7372
DOMR,1220
DOOR,2430
DORM,3714
DOV,3530
DOVA,2834
DOW,2821
DOX,7371
DOYU,7370
DPAT,8082
DPDW,3533
DPFD,7373
DPHC,6770
DPLO,5912
DPLS,7372
DPSIP,7370
DPSM,7372
DPW,3679
DPWW,8200
DPZ,5140
DQ,3674
DQUEL,4911
DQWS,2844
DRAD,3845
DRCR,2200
DRD,1040
DRE,6798
DREM,8200
DRGV,9995
DRH,6798
DRI,5812
DRIFF,1000
DRIO,3841
DRNA,2834
DRNE,3721
DRNG,7363
DRNK,2833
DROP,4581
DRQ,3533
DRRX,2834
DRSV,7372
DRVD,8742
DRWIQ,4812
DRWN,8111
DRYN,8111
DRYS,4412
DS,5810
DSCR,1000
DSFN,6022
DSGT,7373
DSGX,7372
DSKE,4700
DSNY,7372
DSOL,7200
DSOX,4813
DSPA,5600
DSPG,3674
DSS,2650
DSSI,4700
DSTFF,1700
DSUS,1540
DSWL,3089
DSX,4412
DT,7372
DTE,4911
DTEA,5400
DTEGY,4812
DTGI,7374
DTHR,7380
DTII,1040
DTIL,2836
DTLA.,6798
DTRC,1000
DTRK,7372
DTRL,2750
DTRO,3011
DTSRF,7812
DTSS,7372
DTST,7374
DTTVY,4841
DUK,4931
DUOT,7372
DUTV,1382
DUUO,7372
DVA,8090
DVAX,2834
DVCR,8051
DVD,7900
DVLN,6798
DVLP,5900
DVLY,2451
DVN,1311
DWIS,2030
DWNX,6021
DWOG,1311
DWSN,1382
DX,6798
DXC,7374
DXCM,3841
DXF,6199
DXIEF,1311
DXLG,5651
DXPE,5084
DXR,3841
DXYN,2273
DY,1623
DYAI,2836
DYII,8011
DYLLF,1090
DYMEF,2833
DYNA,7389
DYNE,7389
DYNR,1000
DYNT,3841
DYSL,3220
DYSOY,8880
DYXC,3826
DZSI,3661
E,1311
EA,7372
EAB,4911
EACC,7389
EACO,5065
EACR,7510
EAF,3620
EAIN,7310
EAPH,2834
EARN,6798
EARS,2834
EAST,2080
EAT,5812
EATR,7374
EAUI,2842
EAWC,7371
EAWD,3585
EB,7370
EBAY,7389
EBDC,6021
EBF,2761
EBIX,7373
EBML,6221
EBMT,6022
EBODF,7372
EBR,4911
EBS,2834
EBSB,6021
EBTC,6022
EBYH,1311
EC,1311
ECA,1311
ECCE,1311
ECCI,3730
ECDD,2090
ECEZ,4950
ECGID,1000
ECHO,4731
ECIA,3841
ECIGQ,2111
ECL,2840
ECMH,8741
ECMT,7200
ECOB,5960
ECOL,4953
ECOM,7372
ECOP,7200
ECOR,3845
ECOS,3990
ECPCF,8880
ECPG,6153
ECPN,1000
ECRD,6770
ECRO,6798
ECRP,3990
ECSL,8000
ECT,1311
ECTE,3845
ECUI,4899
ECXJ,7900
ED,4931
EDAP,3845
EDCI,3663
EDHD,1700
EDIT,2836
EDMCQ,8200
EDN,4911
EDNT,3944
EDRY,4400
EDSA,2834
EDSFF,3140
EDTX,6770
EDU,8200
EDUC,5190
EDWZF,1000
EDXC,7389
EE,4911
EEFT,6099
EEGC,1311
EEGI,1520
EEGUF,1311
EEH,6159
EEI,8711
EEIG,3089
EENR,5063
EENX,3621
EESE,1382
EESH,4941
EESI,1311
EESO,5812
EEX,7389
EFBI,6035
EFC,6500
EFIR,1382
EFLI,2000
EFLS,7990
EFLT,3711
EFOI,3640
EFSC,6022
EFSH,8742
EFSI,6022
EFTI,3990
EFX,7320
EGAN,7372
EGBB,100
EGBN,6022
EGDW,6035
EGHIF,6799
EGHT,7374
EGI,1040
EGIL,100
EGLE,4412
EGMCF,1000
EGO,1040
EGOC,2020
EGOV,7389
EGP,6798
EGRN,8742
EGRX,2834
EGTK,3714
EGXP,6532
EGY,1311
EGYF,5040
EHC,8060
EHOS,2650
EHPTP,6798
EHTH,6411
EHVVF,7371
EIDX,2834
EIG,6331
EIGI,7372
EIGR,2836
EIHC,3470
EINF,7373
EIPC,3690
EIX,4911
EKCS,3669
EKGRU,2860
EKKH,8741
EKNL,2711
EKSO,3569
EL,2844
ELAMF,5140
ELAN,2834
ELC,4911
ELCI,6798
ELCO,7371
ELCQ,3841
ELCR,5990
ELED,3640
ELF,2844
ELGL,7011
ELGT,3825
ELGX,3841
ELIO,3711
ELLH,5063
ELLO,4911
ELLXF,2834
ELMD,3845
ELNOF,1040
ELNX,8090
ELOX,8731
ELP,4911
ELRA,7372
ELRE,1090
ELRN,8742
ELRNF,6799
ELS,6798
ELSE,3823
ELST,3670
ELTK,3672
ELTP,2834
ELTZ,5190
ELUXY,3630
ELVT,6199
ELXMY,3851
ELY,3949
EMAN,3674
EMBI,2834
EMBR,7948
EMBT,2834
EMCF,6021
EMCI,6331
EMDF,3841
EME,1731
EMESQ,1400
EMGC,6311
EMGE,5122
EMHI,5500
EMHTF,2834
EMIS,2834
EMITF,6512
EMKR,3674
EML,3420
EMLL,2100
EMMA,8090
EMMD,7372
EMMS,4832
EMN,2821
EMP,4911
EMPM,7812
EMPO,2844
EMPR,1311
EMQU,3944
EMR,3600
EMRAF,4911
EMRD,5020
EMRN,3812
EMX,1000
EMYB,6022
ENAB,5961
ENB,4610
ENBL,4922
ENBP,6021
ENCB,5180
ENCC,2731
ENCR,2890
ENCS,4813
ENCTF,1000
ENDO,4813
ENDP,2834
ENDV,2834
ENFC,6036
ENG,8711
ENGA,7374
ENGT,1389
ENGY,5172
ENHD,2011
ENHT,7371
ENIA,4911
ENIC,4911
ENJ,4931
ENKS,3590
ENLC,4922
ENLV,2834
ENNVW,1311
ENOB,2834
ENPH,3674
ENPTW,3714
ENR,3690
ENRT,1000
ENS,5063
ENSG,8051
ENSV,1389
ENT,4899
ENTA,2834
ENTG,3089
ENTI,7389
ENTX,2836
ENV,7389
ENVA,6141
ENVS,3670
ENZ,8071
ENZB,2834
ENZC,7990
ENZN,2836
EOCCY,4911
EOG,1311
EOLS,2834
EONGY,4900
EOPT,1311
EORZ,7389
EOSI,5960
EOSS,2844
EOXFF,1040
EPAM,7371
EPAY,7372
EPAZ,7372
EPC,2844
EPD,4922
EPEG,1311
EPEO,4522
EPGC,7374
EPGG,3944
EPGRQ,4991
EPIX,2834
EPM,1311
EPOR,3674
EPR,6798
EPRA,3651
EPRSQ,2834
EPRT,6798
EPSN,1311
EPTI,3080
EPWCF,1382
EPXY,7200
EPZM,2834
EQ,2834
EQBK,6022
EQC,6798
EQFN,6035
EQH,6411
EQIX,6798
EQLB,2834
EQM,4922
EQNR,2911
EQR,6798
EQT,1311
EQTE,2860
EQUR,5090
ERA,4522
ERBA,2834
ERBB,7372
ERF,1311
ERFB,3669
ERGN,2721
ERGO,2833
ERHE,1389
ERI,7011
ERIC,3663
ERIE,6411
ERII,3559
ERINQ,1381
ERJ,3721
EROS,7822
EROX,2844
ERYP,2836
ES,4911
ESBA,6798
ESBS,6035
ESCA,3949
ESCC,3690
ESCSQ,1311
ESCU,3510
ESE,3669
ESEA,4412
ESES,1389
ESFS,2011
ESGI,1000
ESGR,6331
ESI,2890
ESINQ,8200
ESIV,3590
ESLP,3433
ESLT,3728
ESMC,3845
ESNC,4911
ESNR,3679
ESNT,6351
ESOA,1623
ESP,3679
ESPH,3530
ESPIQ,2800
ESPR,2834
ESQ,6029
ESRG,3612
ESRI,1040
ESRT,6798
ESS,6798
ESSA,6036
ESSE,1311
ESSI,5900
ESTA,3842
ESTC,7372
ESTE,1311
ESTR,4953
ESWW,3714
ESXB,6022
ESYL,5130
ET,4922
ETAH,3841
ETBI,6799
ETCC,3690
ETCIA,3661
ETCK,2890
ETEC,7389
ETEK,2990
ETER,5065
ETFC,6035
ETFM,2844
ETH,2511
ETKR,2670
ETM,4832
ETN,3590
ETNI,2834
ETON,2834
ETP.C,4610
ETR,4911
ETRN,4922
ETST,2834
ETSY,7389
ETTX,2834
EUENF,1311
EUOT,2821
EURI,100
EURN,4412
EUSP,4931
EUUNF,1040
EV,6282
EVA,2400
EVAHF,8082
EVAI,7389
EVARF,3841
EVBC,1000
EVBG,7372
EVBN,6021
EVC,4833
EVCC,3714
EVCI,8200
EVER,7370
EVFM,2834
EVGI,6770
EVGN,2870
EVH,8741
EVI,7200
EVIO,7600
EVK,2300
EVLI,3600
EVLO,2834
EVOA,5500
EVOGF,1040
EVOK,2834
EVOL,7371
EVOP,7389
EVOTF,2834
EVR,6282
EVRC,3690
EVRG,4931
EVRI,7990
EVSI,3674
EVSO,4900
EVSP,7340
EVSV,7340
EVTC,7374
EVTI,7370
EVTN,3559
EVTNF,7373
EVTP,7948
EVUS,7990
EVXXF,1000
EW,3842
EWBC,6022
EWKS,7011
EWLL,8082
EWLU,5122
EWPI,8090
EWST,4953
EXAS,8731
EXBX,7372
EXC,4931
EXCC,6794
EXCE,1311
EXDI,3433
EXDW,6770
EXEL,8731
EXEO,3570
EXFO,3825
EXHI,5047
EXK,1040
EXLA,5600
EXLS,7389
EXMGF,1090
EXMT,3695
EXNN,3444
EXNT,1311
EXP,3241
EXPD,4731
EXPE,4700
EXPI,6531
EXPL,1000
EXPO,8742
EXPR,5600
EXR,6798
EXRG,3829
EXSFF,1090
EXTN,7359
EXTR,3576
EXXD,3690
EYE,3851
EYEG,2834
EYEN,2834
EYES,3845
EYGY,7372
EYPT,3826
EYTH,100
EZCL,7389
EZEN,3576
EZPW,5900
EZT,4911
EZTD,6211
F,3711
FABK,6022
FABU,7372
FACO,6331
FAF,6361
FAGI,7900
FALCD,7372
FAME,2891
FAMI,2033
FANG,1311
FANH,6411
FARE,7372
FARM,2090
FARO,3829
FAST,5200
FAT,5812
FATE,2836
FAVO,1040
FB,7370
FBC,6035
FBCD,1000
FBEC,2080
FBER,2040
FBHS,1520
FBIO,2834
FBIZ,6022
FBK,6022
FBLQ,7900
FBM,5030
FBMS,6021
FBNC,6022
FBP,6022
FBPA,6029
FBPI,6035
FBSE,1090
FBSI,6036
FBSS,6022
FC,8741
FCAA,4813
FCAP,6035
FCAU,3711
FCBC,6022
FCBI,6035
FCBP,6022
FCCG,5812
FCCN,7374
FCCO,6022
FCCTO,6022
FCCY,6035
FCEL,3690
FCF,6021
FCFS,5900
FCGD,1040
FCGY,7371
FCHS,8071
FCIC,6770
FCN,8742
FCNCA,6022
FCOB,6021
FCOL,3420
FCPT,6798
FCRE,3845
FCRM,6159
FCSC,2834
FCTOA,2000
FCUV,3823
FCX,1000
FDBC,6021
FDBH,9995
FDBLD,7372
FDEF,6035
FDEI,1311
FDFT,5141
FDHC,1311
FDLB,6035
FDMF,6163
FDOC,5013
FDP,100
FDS,7370
FDTC,6099
FDVA,6029
FDVXF,1000
FDX,4513
FE,4911
FECOF,1311
FEDU,8200
FEIM,3825
FELE,3621
FELP,1220
FENC,2836
FENG,4833
FEOVF,6199
FERD,2390
FERL,7812
FERN,9995
FET,3533
FETM,6022
FEWP,2090
FEYE,3577
FF,2860
FFBC,6021
FFBW,6035
FFDF,6035
FFG,6311
FFHL,3081
FFIC,6022
FFIN,6022
FFIV,3576
FFLO,1700
FFMGF,1040
FFMH,6022
FFNTF,7380
FFNW,6022
FFRMF,6770
FFTTF,6799
FFWC,6035
FFWM,6022
FFZY,7900
FG,6311
FGBDF,6099
FGBI,6035
FGCN,1220
FGCO,6199
FGEN,2834
FGNV,6552
FGOVF,1040
FGP,5900
FHAI,4700
FHB,6022
FHL,6211
FHN,6021
FHRT,6500
FI,1389
FIBK,6022
FICO,7389
FIFG,7812
FIGM,7373
FII,6282
FIND,3470
FIOGF,1040
FIS,7389
FISI,6021
FISV,7374
FIT,3571
FITB,6022
FITX,7997
FIVE,5331
FIVN,7374
FIX,1731
FIXX,2834
FIZN,6022
FIZZ,2086
FJHL,3861
FKWL,3661
FKYS,6022
FL,5661
FLAF,7372
FLCN,8071
FLCX,7389
FLDI,5900
FLDM,3826
FLES,7389
FLEX,3672
FLFG,6311
FLGT,8071
FLHI,6770
FLIC,6021
FLIR,3812
FLKM,7389
FLL,7011
FLLCU,6770
FLLZ,2750
FLMN,1311
FLNT,7310
FLO,2000
FLOW,3540
FLR,1600
FLRE,2390
FLS,3561
FLSS,1389
FLST,7389
FLT,7389
FLUX,3690
FLWS,5990
FLXI,7372
FLXN,2834
FLXP,7389
FLXS,2510
FLXT,3829
FLY,7350
FMAO,6035
FMBH,6022
FMBI,6021
FMBM,6022
FMBV,4899
FMC,2800
FMCB,6021
FMCC,6111
FMCI,6770
FMFN,6211
FMFP,6021
FMHS,6162
FMNB,6022
FMS,8090
FMX,2086
FMYR,7812
FN,3661
FNAM,8731
FNAT,5731
FNB,6021
FNBCQ,6022
FNBT,6021
FNCB,6021
FND,5211
FNDM,8742
FNEC,4911
FNF,6361
FNFI,6035
FNGR,7372
FNHC,6331
FNHI,3714
FNHM,6021
FNJN,6794
FNKO,3944
FNLC,6021
FNMA,6111
FNNGF,2741
FNRC,6770
FNRG,2821
FNRN,6035
FNSR,3674
FNV,1040
FNWB,6036
FOCS,6282
FOE,2851
FOLD,2834
FOMX,2833
FONR,3845
FONU,5399
FOR,6500
FORD,3089
FORK,3089
FORM,3674
FORR,8700
FORTY,7371
FORU,2835
FOSI,1382
FOSL,3873
FOTB,6022
FOX,4833
FOXF,3751
FPAC,6770
FPAY,7359
FPCG,8062
FPFI,2040
FPH,6500
FPI,6798
FPMI,2835
FPPP,1311
FPRX,2834
FPTA,6500
FPVD,5990
FPWM,3714
FQFC,1700
FR,6798
FRAC,1389
FRAF,6022
FRAN,5600
FRBK,6022
FRCK,7374
FRCN,1700
FRD,3310
FRED,5331
FREEF,4412
FREVS,6798
FRFC,6035
FRFHF,6331
FRGI,5812
FRGY,1381
FRHC,6211
FRHV,5040
FRLF,2833
FRLI,6500
FRMA,1000
FRMB,3570
FRMC,7372
FRME,6021
FRMO,6282
FRNKF,7370
FRO,4412
FRPH,6500
FRPT,2040
FRSB,6022
FRSI,7363
FRSX,7372
FRT,6798
FRTA,3272
FRTD,4911
FRTG,8742
FRTN,2200
FRXX,7372
FRZT,7372
FSAM,6282
FSB,6022
FSBC,6035
FSBW,6036
FSCR,3452
FSCT,3577
FSDDF,5122
FSFG,6035
FSHRF,1221
FSI,2890
FSLR,3674
FSLY,7372
FSM,1040
FSNNQ,7372
FSNR,3533
FSNUY,3841
FSP,6798
FSRL,6021
FSS,3711
FSSN,7374
FSTF,6022
FSTJ,5065
FSTR,5051
FSV,6500
FTAC,6770
FTAI,7350
FTCH,7389
FTCX,3640
FTCY,2834
FTDCQ,5960
FTDL,3942
FTDR,7340
FTEG,5900
FTEK,3564
FTEO,7374
FTFT,2030
FTGI,6799
FTI,3533
FTK,2890
FTLF,2833
FTMDF,1000
FTMR,1381
FTNT,3577
FTNW,4813
FTPLF,2611
FTPM,3640
FTR,4813
FTS,4911
FTSI,1389
FTSSF,1000
FTSV,2834
FTV,3823
FTWS,7389
FTXP,1311
FUAPF,7371
FUEG,7389
FUGI,7900
FUIG,3580
FUL,2891
FULC,2834
FULO,4813
FULT,6021
FUN,7990
FUNC,6021
FUNN,2810
FUSB,6022
FUST,1000
FUTL,5900
FUV,3751
FVANF,1090
FVCB,6022
FVE,8051
FVPI,5122
FVRG,2090
FVRR,7389
FVSTA,7372
FVTI,5900
FVVSF,1400
FWDG,2834
FWLAF,6770
FWP,2834
FWRD,4731
FXA,6221
FXB,6221
FXC,6221
FXCH,6221
FXE,6221
FXER,700
FXF,6221
FXNC,6022
FXS,6221
FXSG,6221
FXY,6221
FZMD,5047
FZRO,7372
G,8742
GABA,6022
GABC,6022
GABLF,2000
GACR,3711
GAHC,6211
GAIA,7812
GALM,8742
GALT,2834
GANS,6331
GARB,3559
GASE,1311
GASS,4412
GATX,4700
GAWK,7370
GAXY,7830
GBBT,3730
GBCI,6022
GBCS,6798
GBEN,5031
GBGD,1040
GBHL,7812
GBIM,2834
GBL,6211
GBLEF,1000
GBLI,6331
GBLL,3640
GBLP,2834
GBLX,1311
GBMS,2890
GBOE,2860
GBPT,5990
GBR,1311
GBRIF,1040
GBSNQ,3841
GBT,2834
GBTC,6221
GBTT,7990
GBX,3743
GCAN,2834
GCAP,6221
GCBC,6036
GCC,6221
GCEH,100
GCEI,2860
GCFB,5812
GCGX,8741
GCHK,1000
GCHT,3510
GCI,2711
GCLL,3679
GCLT,7380
GCO,5661
GCP,2800
GCTY,2844
GD,3730
GDAR,1040
GDDY,7373
GDEN,7990
GDET,7200
GDI,3560
GDOT,6199
GDP,1311
GDRZF,1040
GDS,7370
GDSI,2844
GDVM,6141
GE,3600
GEC,7372
GEECF,4953
GEF,3412
GEFI,1311
GEGI,7389
GEGP,6770
GEIN,3442
GEL,5171
GELT,100
GELV,2860
GEMP,2834
GEN,8051
GENC,3531
GENE,2836
GENSF,3559
GENX,3841
GEO,6798
GEOR,1382
GEOS,3829
GEPC,5094
GERI,8000
GERN,2834
GERS,4950
GES,2340
GESI,4911
GETH,3089
GEVI,4955
GEVO,2860
GFASY,1520
GFDV,5047
GFED,6022
GFF,3442
GFGU,5812
GFGVF,7370
GFGY,2860
GFI,1040
GFMH,7822
GFN,7359
GFNL,6199
GFOO,2833
GFTX,5130
GGAL,6029
GGB,3310
GGBL,7372
GGBXF,2833
GGG,3561
GGGOF,1040
GGII,7389
GGRN,2860
GGROU,700
GGSM,3990
GH,8071
GHAV,6361
GHC,8200
GHDX,8071
GHG,7011
GHGH,3670
GHHC,7372
GHHH,8900
GHIL,2092
GHL,6211
GHM,3560
GHSI,2834
GHST,7372
GIB,8742
GIDYL,3841
GIFI,3440
GIFX,7370
GIG,6770
GIGA,3825
GIGL,5810
GIGM,7370
GIII,2300
GIL,2300
GILD,2836
GILT,3663
GIMU,1000
GIPR,6798
GIS,2040
GIX,6770
GJST,1000
GKIT,3711
GKOS,3841
GL,6311
GLAC,6770
GLAD,2200
GLAED,6282
GLBB,7374
GLBD,2721
GLBH,7372
GLBR,6200
GLBS,4412
GLBZ,6022
GLCO,8742
GLD,6221
GLDD,1600
GLDM,6221
GLDN,7372
GLEC,3812
GLFH,8711
GLFMW,3533
GLG,6021
GLGI,3559
GLGLF,2833
GLHD,2092
GLIBA,4813
GLLA,2100
GLLK,1000
GLLX,7372
GLMD,2834
GLNG,4400
GLNS,1090
GLOB,7374
GLOG,4400
GLOH,7372
GLOP,4400
GLOW,4813
GLP,5171
GLPG,2834
GLPH,2300
GLPI,6798
GLPT,7372
GLRE,6331
GLRI,1311
GLRP,1311
GLT,2621
GLTC,2820
GLTR,6221
GLUC,2833
GLUU,7371
GLUX,4512
GLW,3357
GLWA,2086
GLXZ,7900
GLYC,2834
GLYE,2890
GLYXF,1040
GM,3711
GMAB,2834
GMBL,7900
GMDA,2836
GME,5734
GMED,3841
GMEI,1000
GMER,7374
GMEV,2750
GMGI,1000
GMHI,6770
GMKKY,2090
GMLP,4400
GMND,4955
GMNI,2080
GMO,1000
GMPW,7372
GMRE,6798
GMS,5030
GMVP,2834
GNAL,7380
GNBF,6022
GNBT,2834
GNC,5400
GNCA,2836
GNCP,1000
GNE,4931
GNFT,2836
GNGR,2060
GNGT,6531
GNK,4412
GNL,6798
GNLKQ,8071
GNLN,5099
GNMK,3841
GNMP,2810
GNMX,2836
GNOLF,1389
GNOW,8090
GNPG,2911
GNPR,7819
GNPT,5010
GNPWF,6199
GNPX,2834
GNRC,3621
GNRD,3661
GNRV,6022
GNSG,5712
GNTOF,1000
GNTW,7370
GNTX,3714
GNTY,6021
GNUS,7812
GNW,6311
GNZR,7374
GO,5411
GOBK,7389
GOCH,7377
GOFF,7374
GOGL,4400
GOGO,4899
GOGR,7330
GOGY,8062
GOHE,7389
GOL,4512
GOLD,1040
GOLF,3949
GOOD,6519
GOOGL,7370
GOOI,3829
GOOS,2300
GOPG,7372
GORO,1040
GOSS,2834
GOSY,7373
GOVB,6035
GOVX,8731
GPAQ,6770
GPC,5013
GPDB,5400
GPELL,2860
GPGC,3600
GPHBF,2750
GPHG,5122
GPI,5500
GPIW,7948
GPJA,4911
GPK,2650
GPL,1000
GPLA,9995
GPLB,2836
GPLS,1000
GPMT,6798
GPN,7389
GPNE,5961
GPOPF,4841
GPOR,1311
GPP,2860
GPRC,3080
GPRE,2860
GPRK,1311
GPRO,3861
GPS,5651
GPTC,1382
GPTRF,1040
GPTX,3578
GPX,8200
GPXM,1000
GQMNF,1000
GRA,2800
GRAF,6770
GRAM,1600
GRBG,6770
GRBK,1531
GRBX,8742
GRC,3561
GRCK,7374
GRCO,2300
GRCU,4700
GREN,100
GRFS,2834
GRIF,6500
GRIN,4412
GRLD,5812
GRLF,2050
GRLT,4813
GRLVF,1000
GRMC,1000
GRMM,7370
GRMN,3812
GRNE,7200
GRNH,7372
GRNL,1000
GRNO,3711
GRNQ,7374
GROG,700
GROW,6282
GRPI,8731
GRPN,7311
GRP'U,6798
GRPX,700
GRRB,6036
GRRP,4833
GRSH,6770
GRSO,8742
GRST,8062
GRSU,5090
GRTD,2080
GRTS,2836
GRUA,2060
GRUB,7389
GRUI,3822
GRUSF,7373
GRVE,1311
GRVY,7389
GRWC,3669
GRWG,5200
GRYG,7372
GRYN,1000
GRYO,1000
GRZZP,1311
GS,6211
GSAC,2834
GSAH,6770
GSAT,4899
GSB,7372
GSBC,6022
GSDC,1000
GSFI,6500
GSG,6799
GSGG,2750
GSGTF,2836
GSH,4011
GSHD,6411
GSHN,7363
GSIH,3310
GSIT,3674
GSK,2834
GSKY,7389
GSL,4412
GSLO,6199
GSM,3330
GSML,7380
GSPE,1311
GSPH,7389
GSPT,7990
GSRX,5400
GSS,1040
GSTN,7372
GSTX,1000
GSUM,7372
GSV,1400
GSVI,1311
GSX,8200
GT,3011
GTAT,3674
GTBP,2834
GTCH,8742
GTCP,1090
GTE,1311
GTEH,7372
GTES,3560
GTGP,4841
GTHP,3845
GTHR,2836
GTHX,2834
GTII,8741
GTIM,5812
GTLA,7310
GTLL,3663
GTLS,3443
GTMAY,4412
GTMM,3651
GTN,4833
GTNM,7363
GTPS,6035
GTRL,3600
GTS,6321
GTSO,1382
GTT,4813
GTTJ,6798
GTTL,8742
GTVI,6770
GTX,3714
GTXO,3663
GTY,6500
GTYH,7374
GUHI,3841
GULTU,1311
GUOHF,4832
GURE,2800
GV,1623
GVA,1600
GVBT,2870
GVDI,5140
GVFF,6035
GVFG,6311
GVHIB,2000
GVP,7372
GVSI,2800
GWB,6022
GWGH,6311
GWHP,1382
GWIN,5900
GWON,5190
GWPC,1311
GWPH,2834
GWR,4011
GWRE,7372
GWRS,4941
GWSN,7381
GWTI,2090
GWTR,1700
GWW,5000
GXGX,6770
GXXM,8742
GYPHQ,1040
GYRO,6512
GYST,7389
GYTI,3690
GZCC,6770
GZDIF,1000
GZIC,7990
GZPFY,1389
GZTGF,6500
H,7011
HA,4512
HABC,6022
HABK,6035
HABT,5812
HADV,5990
HAE,3841
HAFC,6021
HAGN,5130
HAIN,2000
HAIPF,2621
HAIR,3841
HAL,1389
HALB,7374
HALL,6399
HALN,7320
HALO,2836
HAON,7372
HARL,6021
HARP,2836
HAS,3944
HASI,6798
HAUP,3577
HAVSF,7311
HAWEL,4911
HAYN,3310
HAZH,1700
HBAN,6021
HBB,3634
HBCP,6036
HBI,5600
HBIA,6022
HBIO,3826
HBM,1000
HBMD,6022
HBMK,2834
HBNC,6022
HBP,5030
HBPCF,2834
HBPE,8742
HBSI,6022
HBUV,8742
HCA,8062
HCAC,6770
HCAT,7370
HCBC,6035
HCC,1220
HCCA,5912
HCCC,1700
HCCH,6770
HCCI,4950
HCFT,6798
HCGI,6500
HCGS,2890
HCHC,3440
HCI,6331
HCKT,8742
HCLC,2200
HCM,2834
HCMC,2100
HCP,6798
HCR,1400
HCSG,8050
HCTI,2851
HCYT,3841
HD,5211
HDB,6029
HDII,3841
HDS,5000
HDSN,5080
HDUP,2320
HDVW,3669
HDVY,6794
HDYNQ,1311
HE,4911
HEAR,3669
HEAT,3433
HEB,2836
HEBT,3490
HEES,7350
HEI,3724
HELE,3634
HEMA,8090
HEME,7374
HEMP,7380
HENC,1311
HENI,1381
HEOFF,4941
HEOL,2860
HEP,4610
HEPA,2834
HERB,100
HERC,7600
HES,2911
HESG,2860
HESM,1311
HESV,4522
HEWA,5912
HFBA,6035
HFBG,7389
HFBL,6035
HFC,2911
HFFG,5140
HFUS,7374
HFWA,6036
HGAT,7389
HGBL,7389
HGEN,2834
HGGGQ,5731
HGHH,1040
HGII,3021
HGLD,1040
HGSH,6500
HGTXU,6792
HGV,7000
HHBT,6500
HHC,6798
HHDS,6798
HHEG,3270
HHER,7374
HHGI,3960
HHHEF,1000
HHHH,6770
HHR,7363
HHS,7331
HHT,1700
HI,3990
HIBB,5940
HIG,6331
HIHI,7389
HIHO,3490
HII,3730
HIIQ,6411
HIL,8711
HIMX,3674
HIPH,2834
HIRU,5812
HITC,7900
HIW,6798
HJLI,3841
HKBT,3714
HKEB,1381
HKGT,1000
HKIB,6199
HKNI,1311
HKRSQ,1311
HKTVY,4813
HKWO,6770
HL,1400
HLAB,7372
HLBYL,2860
HLF,5122
HLFN,6036
HLG,8200
HLI,6282
HLIO,3490
HLIT,3663
HLIX,7381
HLLK,5010
HLM.,5080
HLMB,5400
HLND,6022
HLNE,6282
HLOC,3571
HLOI,2840
HLT,7011
HLTH,8062
HLTOY,4812
HLTY,5812
HLWD,5600
HLX,1389
HLXW,3510
HLYK,8011
HMC,3711
HMENF,1311
HMG,6798
HMGN,2835
HMHC,2731
HMI,3571
HMLA,1311
HMLP,4400
HMMR,4899
HMN,6331
HMNF,6035
HMNU,8742
HMNY,7380
HMPQ,3990
HMST,6022
HMSY,7389
HMTC,2400
HMTF,7389
HMTV,4841
HMY,1040
HNCKF,1000
HNDI,1000
HNFSA,2033
HNGR,8093
HNI,2522
HNNA,6282
HNP,4911
HNRG,1220
HNTM,1000
HNTUF,4731
HOFT,2510
HOG,3751
HOILF,8880
HOKUQ,3690
HOLI,3620
HOLX,3844
HOMB,6022
HOME,5700
HON,3724
HONE,6022
HOOB,6512
HOOK,2834
HOPE,6021
HOPS,2082
HOS,4400
HOTF,2090
HOTH,2834
HOV,1531
HP,1381
HPE,3570
HPGN,2834
HPIL,8742
HPJ,3690
HPMM,2300
HPNN,4813
HPP,6500
HPQ,3570
HPR,1311
HPT,6798
HPTN,2840
HPTO,7372
HQDA,8300
HQGE,8200
HQY,7389
HR,6798
HRAA,6411
HRB,7200
HRBK,6022
HRBR,2834
HRC,3841
HRGG,6035
HRI,7350
HRL,2011
HRNF,7997
HROW,2834
HRRS,3330
HRSR,2510
HRST,1311
HRTG,6331
HRTT,3845
HRTX,2834
HRVOF,2833
HRVSF,1311
HRZCB,4813
HSAC,6770
HSBC,6035
HSC,3440
HSCO,4841
HSDT,3845
HSGX,3842
HSIC,5047
HSII,7361
HSKA,2835
HSON,7363
HSSHF,7374
HST,6798
HSTC,2834
HSTH,4899
HSTI,6770
HSTM,7370
HSY,2060
HT,6798
HTA,6798
HTBC,8742
HTBI,6035
HTBK,6022
HTBX,2834
HTGM,3826
HTH,6022
HTHIY,1600
HTHT,7011
HTLD,4213
HTLF,6022
HTSC,7372
HTZ,7510
HUBB,3670
HUBG,4731
HUBS,7372
HUBV,7380
HUD,5399
HUDRF,1000
HUM,6324
HUML,1311
HUMT,2870
HUN,2800
HURC,3823
HURN,8742
HUSA,1311
HUSKF,1311
HUTMF,7370
HUTN,7374
HUYA,7370
HVBC,6022
HVBTF,7370
HVCW,5810
HVT,5712
HWAL,1381
HWBK,6021
HWC,6022
HWCC,5063
HWEN,6036
HWGG,7389
HWIN,5412
HWIS,6036
HWKE,3861
HWKN,5160
HWSY,7990
HX,6172
HXBM,2834
HXL,2821
HXOH,2821
HY,3537
HYAC,6770
HYBE,8090
HYBT,7372
HYCT,1040
HYDI,6794
HYEG,3510
HYGS,2810
HYHDF,7377
HYHY,3510
HYIG,5900
HYII,7363
HYQC,6500
HYRE,7510
HYSR,3674
HZHI,1090
HZN,3714
HZNFF,1311
HZNM,3714
HZNP,2834
HZO,5531
I,4899
IAC,5990
IAG,1040
IAGX,2834
IAIC,7372
IALS,3695
IARE,6798
IART,3841
IAU,6221
IBA,2015
IBAL,3569
IBCP,6022
IBFL,6021
IBGR,3669
IBIN,7372
IBIO,2834
IBKC,6022
IBKR,6211
IBM,3570
IBN,6029
IBOC,6022
IBP,1520
IBRC,3841
IBSS,7372
IBTX,6022
IBXG,8741
IBXS,5900
ICABY,4841
ICAD,3841
ICBK,6022
ICBT,4813
ICBU,7389
ICCC,2835
ICCH,6331
ICCO,7372
ICCT,7372
ICD,1381
ICE,6200
ICFI,8742
ICGL,2860
ICHR,3674
ICIZF,2821
ICL,2870
ICLD,7389
ICLK,7372
ICLR,8731
ICLTF,1000
ICNAF,1000
ICNB,2080
ICNM,6770
ICNN,2860
ICOA,4813
ICON,3140
ICOX,7389
ICPT,2834
ICRD,7372
ICTSF,7389
ICTV,5961
ICTY,7389
ICUI,3841
IDA,4911
IDCC,6794
IDDP,6798
IDDR,7372
IDEA,3576
IDEX,4841
IDGC,7380
IDIV,6799
IDLM,5940
IDN,7372
IDND,2650
IDNG,1311
IDPE,2844
IDRA,2836
IDSA,5090
IDSY,3669
IDT,4813
IDTY,7372
IDVC,8711
IDVV,7000
IDWM,7310
IDXG,3841
IDXX,2835
IDYA,2834
IEA,6770
IEC,3672
IEHC,3678
IENT,7372
IEP,3714
IESC,1731
IESCF,2851
IEVM,3569
IEX,3561
IEXA,7370
IFAM,1000
IFAN,7372
IFBC,7389
IFCI,1000
IFF,2860
IFLM,6799
IFMK,5411
IFNNY,3674
IFNY,1381
IFRTF,1311
IFS,6029
IFSH,7373
IFUS,2840
IFXY,7373
IGAP,3841
IGC,5065
IGDC,6512
IGEN,7363
IGEX,1000
IGGHY,8880
IGLD,4813
IGMB,7389
IGNE,2870
IGNG,3844
IGNT,3990
IGOI,3577
IGPG,1000
IGRU,1040
IGRW,5160
IGSC,5900
IGT,7990
IGXT,2834
IHAI,8000
IHC,6311
IHG,7011
IHGP,4899
IHRT,4832
IHSI,3669
IHT,6798
IHTI,8731
IICN,7372
III,8742
IIIN,3310
IIIV,7389
IIJIF,7370
IIN,3670
IINX,3841
IIPR,6500
IIVI,3827
IJJP,8742
IKNX,3861
IKTO,2721
ILAL,6552
ILCC,6770
ILIM,2834
ILMN,3826
ILPT,6798
ILST,1000
ILUS,5180
IMAC,8093
IMAHF,1000
IMAX,3861
IMBBF,2100
IMBI,5961
IMCI,7370
IMGL,1040
IMGN,2834
IMGX,5065
IMH,6798
IMHC,7370
IMI,3674
IMII,1040
IMJN,7374
IMKI,7372
IMKTA,5411
IMLE,2721
IMLFF,2834
IMMB,7812
IMMG,2834
IMMP,2834
IMMR,3577
IMMU,2835
IMNPQ,2834
IMO,2911
IMOS,3674
IMRN,2834
IMRSQ,3845
IMSU,3841
IMTE,3651
IMTL,7372
IMTO,4813
IMTS,7389
IMTV,7389
IMUC,2834
IMUN,2834
IMUX,2834
IMV,2834
IMXI,7389
INAP,7370
INAR,5047
INBI,2844
INBK,6022
INBP,2834
INBT,7371
INCC,7310
INCM,3661
INCT,7841
INCY,8731
INDB,6022
INFI,2834
INFN,3661
INFO,7370
INFU,3841
INFX,1400
INFY,7371
ING,6029
INGN,3842
INGR,2040
INHC,7373
INIS,3823
INLB,3843
INLL,7370
INLX,7372
INMB,2836
INMD,3845
INN,6798
INND,7311
INNI,8742
INNO,8742
INNT,2834
INNV,2834
INO,3841
INOD,7374
INOH,7389
INOV,7374
INOW,5045
INPX,7371
INQD,3590
INRD,3679
INS,7372
INSE,7372
INSG,3669
INSM,2834
INSP,3841
INST,7372
INSU,6770
INSW,4400
INSYQ,2834
INT,5172
INTB,5734
INTC,3674
INTG,6513
INTI,8731
INTL,6200
INTP,2835
INTT,3825
INTU,7372
INTV,5900
INTZ,3576
INUV,7310
INVA,2834
INVB,3841
INVE,3577
INVH,6510
INVI,3823
INVL,3822
INVS,7372
INVT,4813
INVU,7389
INVVY,2834
INWK,7389
INXN,7370
INXSF,8744
IO,1382
IOFB,6022
IOGIF,1311
IOMT,3690
IONI,2082
IONS,2834
IOR,6798
IORG,7373
IOSP,2800
IOTC,7389
IOTS,3674
IOUFF,6153
IOVA,2836
IP,2621
IPAH,2834
IPAR,2844
IPATF,2836
IPCIF,2834
IPDN,7370
IPG,7311
IPGP,3674
IPHI,3674
IPHS,5160
IPI,1400
IPICQ,5810
IPIX,2834
IPLB,1311
IPLDP,4931
IPLY,7372
IPMTW,7389
IPOA,6770
IPOOF,1311
IPRC,1090
IPTK,3728
IPUB,7372
IPWG,4950
IPWR,3620
IQ,7841
IQST,4813
IQV,8731
IR,3822
IRBL,4812
IRBS,2834
IRBT,3630
IRCC,1000
IRCP,6512
IRDM,3669
IREP,4832
IRET,6798
IRIG,3533
IRIX,3845
IRLD,1040
IRM,6798
IRMD,3841
IRNC,7372
IRNS,6770
IROQ,6035
IRRZF,1000
IRS,6552
IRT,6798
IRTC,3841
IRWD,2834
ISAT,5961
ISBA,6022
ISBC,6022
ISCA,7948
ISCO,2834
ISDR,2750
ISEE,2834
ISGN,7372
ISHI,5990
ISHM,7389
ISIG,7310
ISLV,1000
ISNS,3829
ISOL,7373
ISON,2800
ISPD,3661
ISR,3841
ISRB,1520
ISRG,3842
ISRL,1311
ISSC,7371
ISTR,6022
ISTT,6798
ISWH,2080
ISYRF,5045
IT,8741
ITCB,6029
ITCC,7372
ITCI,2834
ITDD,4812
ITDN,6770
ITEC,7389
ITEX,7389
ITGR,3690
ITHUF,5900
ITI,3669
ITIC,6361
ITKG,3679
ITKH,3674
ITLI,7389
ITLL,7374
ITMC,3533
ITMR,3841
ITNF,5099
ITNM,7389
ITNS,7372
ITOX,7372
ITP,2670
ITPOF,2670
ITRI,3825
ITRK,7363
ITRM,2834
ITRN,5065
ITRO,2870
ITSJF,4841
ITT,3561
ITUB,6022
ITUP,7374
ITW,3560
IVAC,3559
IVC,3842
IVDA,7372
IVDN,2390
IVFH,5141
IVFZF,7389
IVHI,2834
IVITF,2833
IVME,3841
IVOB,3841
IVR,6798
IVRO,2835
IVST,5010
IVVI,3845
IVZ,6282
IWAL,3669
IWBB,7310
IWKS,3861
IWMG,1000
IWSY,7372
IX,6159
IXEH,3433
IXOG,1311
IYXI,2834
IZEA,7310
JACK,5812
JACO,5065
JADA,8742
JADG,5990
JAG,1311
JAGGF,1000
JAGR,7389
JAGX,2834
JAKK,3944
JALA,2024
JAMN,2090
JANL,7389
JASN,3990
JAX,5812
JAZZ,2834
JBGS,6798
JBHT,4213
JBL,3672
JBLU,4512
JBSS,2060
JBT,3550
JBZY,1000
JCAP,6798
JCDAF,7372
JCI,7380
JCOM,4822
JCP,5311
JCS,3661
JCTCF,5211
JCTG,7374
JD,5990
JDID,6770
JE,4924
JEC,1600
JEF,6211
JEII,1311
JELD,2430
JEMC,5960
JERT,6798
JETMF,1400
JETR,4812
JFBC,6021
JFGI,6351
JFIL,7371
JFIN,6199
JFK,6770
JFU,6199
JG,7370
JHG,6282
JHX,3272
JILL,2330
JJSF,2052
JKHY,7373
JKRO,3949
JKS,3674
JKSM,4833
JLL,6531
JLMC,2330
JMDA,7819
JMDP,6770
JMEI,5990
JMIA,5961
JMIH,3730
JMKJ,3100
JMP,6211
JMSB,6022
JMTM,7200
JMU,7374
JNCE,2836
JNJ,2834
JNPR,3576
JO,6029
JOB,7361
JOBS,7361
JOE,6552
JOEY,5122
JOUT,3949
JP,8741
JPEX,1000
JPM,6021
JPOTF,7372
JRIV,6500
JRJC,6211
JRJRQ,5960
JRNGF,1311
JRSH,2300
JRSS,8060
JRVR,6331
JRVS,1400
JSAIY,8880
JSBL,5944
JSDA,2080
JSHG,1040
JT,7370
JTBK,7370
JUDO,7997
JUHL,8742
JUMT,4813
JUPGF,1040
JUVF,6022
JVA,5140
JW'A,2731
JWHI,3585
JWN,5651
JYNT,6794
JZZI,7374
K,2040
KAHL,5412
KAI,3550
KALA,2834
KALG,1000
KALO,5900
KALU,3350
KALV,2834
KALY,2300
KAMN,5080
KAMX,6770
KANP,6552
KAR,5500
KARE,2590
KAST,2834
KAVL,6770
KAYS,2834
KB,6029
KBAL,2510
KBBTF,2834
KBH,1531
KBLB,2820
KBLM,6770
KBPH,2834
KBR,1600
KBSF,5130
KCLI,6311
KCPC,7373
KDCE,5040
KDKN,1311
KDMN,2834
KDOZF,7900
KDP,2080
KE,3672
KEG,1389
KELYA,7363
KEM,3670
KEN,4911
KENS,7990
KEP,4911
KEQU,3821
KEX,4400
KEY,6021
KEYS,3823
KFFB,6035
KFRC,7363
KFS,6331
KFY,7361
KGC,1040
KGET,3714
KGFHY,8880
KGHI,4955
KGJI,7389
KGNR,7371
KHC,2030
KHZM,7389
KIDBQ,3990
KIDS,3841
KIM,6798
KIN,2834
KINS,6331
KIQ,3743
KIRK,5990
KIRY,6795
KIWB,7372
KJFI,7200
KKPNY,4813
KKR,6282
KL,1040
KLAC,3827
KLBAY,8880
KLDO,2836
KLEG,8700
KLFE,2834
KLIB,6021
KLIC,3674
KLMN,2673
KLTI,5961
KLXE,1389
KLYG,8711
KMAG,7380
KMB,2670
KMDA,2834
KMI,4922
KMLGF,4610
KMLXF,8880
KMPH,2834
KMPR,6331
KMT,3541
KMTUY,3531
KMWE,7200
KMX,5500
KN,3651
KNAMF,7372
KNBA,7900
KNBIF,8731
KNDI,3711
KNDYF,1040
KNEOF,8200
KNIT,7310
KNKT,7380
KNL,2590
KNOP,4400
KNOS,3564
KNRLF,3822
KNSA,2834
KNSC,7373
KNSL,6331
KNTNF,1040
KNWN,3829
KNX,4213
KO,2080
KOD,2836
KODK,3861
KOF,2086
KOLR,2750
KONAQ,5812
KOOL,3821
KOP,2400
KOPN,3674
KOS,1311
KOSK,4812
KOSS,3651
KOVR,7389
KPAY,3674
KPFSY,5812
KPIFF,3669
KPOC,2731
KPTI,2834
KR,5411
KRA,2821
KRBF,2860
KRC,6798
KRED,2080
KREF,6798
KRFG,200
KRG,6798
KRNT,3555
KRNY,6035
KRO,2810
KRP,1311
KRPI,7380
KRTX,2834
KRUS,5812
KRYS,2836
KSBI,6036
KSHB,3080
KSIH,7389
KSKD,2750
KSS,5311
KSSH,1540
KSU,4011
KT,4813
KTB,2320
KTCC,3577
KTDR,5020
KTEL,4899
KTOS,3760
KTOV,2834
KTYB,6022
KUBTY,3320
KULR,3670
KURA,2834
KUSA,8200
KVHI,3663
KVIL,8351
KVMD,3841
KW,6500
KWBT,2870
KWR,2990
KXIN,5500
KYNC,7011
KYNS,7310
KYOCF,3674
KYZN,2842
KZIA,2834
KZR,2834
L,6331
LAAB,7372
LAC,1000
LACQ,6770
LAD,5500
LADR,6798
LAHO,2200
LAIX,8200
LAKE,3842
LAKF,1000
LAMR,6798
LANC,2030
LAND,6798
LANZ,3843
LARK,6021
LASLY,5500
LASR,3674
LATF,2090
LATNF,1040
LATX,5211
LAUR,8200
LAWS,5080
LAXAF,2860
LAZ,6282
LAZX,7200
LAZY,5500
LB,5621
LBAI,6022
LBAO,7389
LBAS,3812
LBC,6022
LBCC,2080
LBLTF,2836
LBRDK,4841
LBRG,7389
LBRT,1389
LBSI,6021
LBSR,1000
LBTD,700
LBTYA,4841
LBUY,4700
LBY,3220
LBYE,1000
LC,7389
LCA,6770
LCAR,3841
LCDX,3841
LCHD,7371
LCI,2834
LCII,3714
LCLP,3861
LCNB,6021
LCTC,3826
LCTX,2836
LCUT,3420
LDHL,3949
LDL,3714
LDOS,7373
LDSR,7372
LE,5651
LEA,3714
LEAF,7374
LEAI,8200
LEAS,3949
LEAT,3751
LECO,3540
LEDCF,3640
LEDS,3674
LEE,2711
LEG,2510
LEGE,7380
LEGH,2451
LEGX,7389
LEHKQ,6211
LEJU,6500
LEN,1520
LENSF,3841
LEOM,3711
LEON,7371
LEPX,5122
LEU,1400
LEVI,2300
LEVL,6022
LEXG,1000
LFAC,6770
LFAP,7374
LFC,6311
LFER,2080
LFIN,7374
LFPI,3841
LFUS,3613
LFVN,2834
LGAH,3790
LGBS,7389
LGC,6770
LGCYQ,1311
LGDTF,1000
LGF'A,7812
LGIH,1531
LGL,3679
LGND,2834
LGTS,3640
LGYV,3841
LH,8071
LHC,7819
LHCG,8082
LHIL,8742
LHX,3812
LIBC,6035
LIBE,2030
LICT,4813
LIFE,2836
LIFS,5812
LIGA,6798
LII,3585
LILA,4841
LIME,1700
LIN,2810
LINC,8200
LIND,4700
LINK,3577
LINUF,7900
LINX,7372
LIQDQ,7372
LIQT,3590
LITB,5961
LITE,3669
LITH,1000
LIVC,7389
LIVE,6799
LIVN,3845
LIVX,5812
LIXT,2834
LJPC,2836
LK,5810
LKAI,1400
LKCO,7371
LKCRU,2860
LKFN,6022
LKMNF,1000
LKQ,5010
LKSD,2750
LKST,7374
LKYSF,1400
LL,5211
LLEX,1311
LLIT,3841
LLLI,3480
LLND,6500
LLNW,7389
LLY,2834
LM,6282
LMAT,3841
LMB,1700
LMDCF,2731
LMEFF,1000
LMFA,6199
LMNK,4833
LMNR,100
LMNX,3841
LMRK,6519
LMSC,3661
LMST,6021
LMT,3760
LMTI,2750
LN,7370
LNC,6311
LNCLF,1000
LND,100
LNDC,2033
LNDT,1540
LNG,4924
LNGB,7200
LNKE,5171
LNKG,7380
LNN,3523
LNPR,7389
LNT,4931
LNTH,2835
LNXGF,1040
LOAC,6770
LOAN,6798
LOB,6022
LOCMQ,7389
LOCO,5812
LODE,1040
LOFB,2080
LOGC,2836
LOGG,7374
LOGI,3577
LOGL,1381
LOGM,7372
LOGQ,7389
LOGX,7374
LOLI,2090
LOMA,3241
LONCF,1040
LONE,1311
LOOP,2800
LOPE,8200
LORL,3663
LOTE,2300
LOV,7200
LOVE,5712
LOVV,5900
LOW,5211
LPBC,6021
LPCN,2834
LPG,4412
LPHM,2844
LPI,1311
LPL,3679
LPLA,6200
LPPI,3272
LPSN,7372
LPT,6798
LPTC,6500
LPTH,3674
LPTI,3845
LPTX,2834
LPX,2400
LQDA,2836
LQDT,7389
LQMT,2800
LQWC,2000
LRAD,3651
LRCX,3559
LRDC,1311
LRDR,1000
LRGR,7200
LRN,8200
LRSV,2721
LSAL,4950
LSBK,6035
LSCC,3674
LSCG,3640
LSFG,6021
LSI,6798
LSKA,9995
LSMG,1040
LSTG,1000
LSTR,4213
LSXMA,4833
LSYN,4832
LTBR,8742
LTC,6798
LTCP,7370
LTDH,3674
LTEC,3663
LTFD,7990
LTGJ,5090
LTHM,2800
LTHO,6770
LTHUQ,3690
LTM,4512
LTMCF,1400
LTMP,6153
LTNC,7363
LTRE,8200
LTRPA,7374
LTRX,3576
LTS,6211
LTSC,3690
LTTC,3661
LTUC,2860
LTUM,4899
LTUS,2834
LTXB,6035
LUB,5812
LUCC,2040
LUDG,7373
LULU,2300
LUNA,8731
LUSI,2000
LUV,4512
LUVU,2510
LVBX,7372
LVCA,1000
LVGI,6770
LVGO,8090
LVMHF,2080
LVRLF,7900
LVS,7011
LVVV,2060
LVWD,7389
LVXI,4700
LVYN,2833
LW,2030
LWAY,2020
LWEL,2834
LWLG,3080
LWLW,7372
LX,6199
LXFR,2810
LXGTF,3841
LXP,6798
LXRP,1000
LXRX,2834
LXU,2810
LYB,2860
LYBC,6021
LYFT,7389
LYG,6029
LYL,6799
LYLP,7389
LYNS,4813
LYTS,3640
LYV,7900
LZB,2510
LZENF,2200
LZGI,6770
LZNN,5190
M,5311
MA,7389
MAA,6798
MAAL,6411
MAC,6798
MACE,2860
MACK,2834
MACR,1000
MAG,1040
MAGAA,3845
MAGE,1000
MAGS,3669
MAHI,2721
MAJCQ,6331
MAMP,6500
MAMS,7372
MAN,7363
MANH,7372
MANT,8741
MANU,7900
MAOMF,1040
MAR,7011
MARA,6794
MARK,4899
MARPS,6792
MAS,2430
MASI,3845
MAT,3942
MATN,2834
MATW,3360
MATX,4400
MAXAF,3990
MAXD,7374
MAXR,3663
MAYS,6512
MBAIF,8200
MBAY,5961
MBCFF,1400
MBCI,2835
MBCN,6022
MBCQ,6035
MBDE,7389
MBGNF,8071
MBI,6351
MBII,2870
MBIN,6022
MBIO,2834
MBLV,7372
MBOT,2836
MBRX,2834
MBST,3651
MBT,4812
MBTF,6021
MBUU,3730
MBVA,6021
MBVXQ,2834
MBWM,6022
MC,6282
MCAP,7373
MCB,6022
MCBC,6022
MCBK,6035
MCBS,6021
MCCK,3585
MCCX,7372
MCD,5812
MCELQ,3690
MCEM,3270
MCEP,1311
MCET,2834
MCF,1311
MCFT,3730
MCHA,3949
MCHP,3674
MCHX,7389
MCIG,2111
MCIM,7372
MCK,5122
MCO,7320
MCOA,2833
MCPH,6035
MCPI,5190
MCRAA,3140
MCRB,2834
MCRI,7011
MCRN,3559
MCS,7830
MCTC,2836
MCTH,7361
MCUJF,2834
MCVT,6799
MCY,6331
MCZAF,3944
MD,8060
MDAV,5122
MDB,7372
MDBIF,8731
MDBS,7389
MDC,1531
MDCA,7311
MDCE,1000
MDCL,8742
MDCN,6799
MDCO,2834
MDDT,8011
MDEX,1400
MDFZF,3841
MDGC,7380
MDGL,2834
MDGS,3841
MDIN,2834
MDIT,3841
MDJH,6531
MDLA,7370
MDLH,3841
MDLQ,6282
MDLXF,1000
MDLY,6282
MDLZ,2000
MDMN,1000
MDMP,1000
MDNAF,2834
MDNL,3911
MDP,2721
MDR,3443
MDRA,2810
MDRM,2834
MDRR,6798
MDRX,7373
MDSO,7372
MDT,3845
MDTC,7374
MDTR,3080
MDU,1400
MDVP,4700
MDWD,2833
MDWK,7389
MDWT,6311
MDXG,3841
MDXL,4011
MDXX,3841
MEC,3460
MED,2090
MEDD,8071
MEDH,7389
MEDP,8731
MEDT,6162
MEEC,3829
MEET,7310
MEI,3678
MEIL,2860
MEIP,2834
MELI,7389
MELR,6022
MEME,2340
MEMI,9995
MENB,2082
MENC,7370
MENI,7389
MEOH,2860
MEPW,7372
MERC,2611
MERR,6211
MESA,4512
MESO,2836
MET,6311
METC,1220
MFA,6798
MFAC,6770
MFBP,6022
MFC,6311
MFCO,3679
MFDB,6035
MFG,6021
MFGP,7372
MFIN,6199
MFMLF,1040
MFNC,6022
MFON,7372
MFSF,6022
MFST,3845
MG,8711
MGA,3714
MGAG,6500
MGCLF,2834
MGCPF,1000
MGDPF,1040
MGEE,4900
MGEN,8071
MGGI,3670
MGHCF,1000
MGHL,6770
MGI,7389
MGIC,7372
MGLN,8060
MGM,7011
MGMA,7812
MGNT,3663
MGNX,2834
MGON,7200
MGP,6798
MGPC,6770
MGPI,5180
MGPRF,3341
MGRC,7359
MGSBF,4924
MGTA,2834
MGTC,2741
MGTI,6794
MGTX,2836
MGUY,1311
MGXMF,8731
MGY,1311
MGYR,6035
MGYTF,4899
MHCC,5047
MHDG,2870
MHGI,7500
MHGU,5812
MHGVY,900
MHH,8742
MHK,2273
MHLD,6331
MHO,1531
MHPC,6500
MHTX,3690
MHYR,3510
MIC,5172
MICR,3845
MICT,3670
MIDD,3580
MIGT,4813
MIHI,3730
MIK,5945
MIKP,7812
MILC,6770
MILV,1000
MIME,7372
MIND,7359
MINE,2833
MINI,3443
MINR,3842
MIRM,2834
MISM,1382
MIST,2834
MISVF,1000
MITK,3577
MITO,2834
MITSF,5172
MITT,6798
MIXT,7372
MIXX,2834
MJARF,6799
MJCO,7372
MJDS,5400
MJGCF,1040
MJHI,5090
MJMJ,7990
MJNA,7380
MJNE,7389
MJTK,7389
MJTV,7370
MJWL,3944
MKC,2090
MKGI,4700
MKL,6331
MKRO,3669
MKRS,3829
MKSI,3823
MKTAY,3540
MKTX,6211
MKTY,3829
MLAB,3823
MLCG,2111
MLCO,7011
MLER,3721
MLFB,7900
MLGAF,1000
MLGCF,1000
MLHC,3540
MLHR,2520
MLI,3350
MLKKF,1000
MLKNA,7372
MLLLF,7389
MLLS,6512
MLM,1400
MLMN,3944
MLND,2834
MLNT,2834
MLNX,3674
MLP,6500
MLPH,2834
MLR,3713
MLSS,3842
MLTO,8090
MLVF,6035
MLWN,7812
MMAC,6500
MMBF,2860
MMC,6411
MMDM,4832
MMEG,7819
MMEX,7819
MMI,6531
MMIO,4961
MMLP,5171
MMM,3841
MMMB,2013
MMMM,1090
MMMW,4991
MMND,7310
MMNFF,1311
MMNGF,1040
MMNT,7372
MMP,4610
MMRF,7389
MMRGF,1040
MMS,7389
MMSI,3841
MMTC,6794
MMTIF,7371
MMTS,7812
MMTV,8200
MMYT,4700
MN,6282
MNAP,1311
MNBEF,3670
MNBO,6021
MNBP,6021
MNCL,6770
MNDO,7371
MNELF,2860
MNGG,1000
MNHD,1311
MNI,2711
MNIA,7372
MNK,2834
MNKD,2834
MNLO,2834
MNMB,6022
MNMT,7200
MNOV,2834
MNR,6798
MNRL,1311
MNRO,7500
MNSB,6022
MNSF,3334
MNST,2086
MNTA,2836
MNTM,2100
MNTR,6799
MNTX,3559
MNVN,1311
MNVWF,1382
MNZO,1311
MO,2111
MOBIF,5045
MOBL,7372
MOBO,7310
MOBQ,7310
MOCI,1000
MOD,3714
MODC,8741
MODD,3841
MODN,7370
MODTQ,2452
MOFG,6022
MOG'A,3590
MOGO,6199
MOGU,7389
MOH,6324
MOJO,2030
MOLOF,1311
MOMO,7372
MOMT,7389
MOPN,1389
MOR,2834
MORF,2834
MORN,6282
MOS,2870
MOSC,6770
MOST,7372
MOSY,3674
MOTS,3841
MOV,3873
MOXC,7370
MOZO,6770
MPAA,3714
MPAD,3674
MPAY,7200
MPB,6022
MPC,2911
MPEG,7373
MPIR,7990
MPLX,4610
MPME,3845
MPML,1040
MPSP,3841
MPVD,1000
MPVR,6531
MPW,6798
MPWR,3674
MPX,3730
MR,1311
MRAL,6141
MRAM,3674
MRC,5084
MRCR,7311
MRCY,3670
MRDDF,1000
MRDH,5734
MREO,2834
MRES,6770
MRGE,3089
MRGN,5961
MRGO,100
MRIB,5122
MRIC,3841
MRIN,7374
MRJT,8742
MRK,2834
MRKR,2834
MRLN,6022
MRMD,7374
MRNA,2836
MRNS,2834
MRNTY,3841
MRO,1311
MRPI,8731
MRPT,7389
MRRCF,5912
MRRMF,1040
MRSN,2834
MRTI,6798
MRTN,4213
MRTX,2834
MRUS,2834
MRVL,3674
MRVSY,8880
MRVT,2834
MRZM,2834
MS,6211
MSA,3842
MSAH,100
MSB,6795
MSBI,6022
MSC,7011
MSCI,7389
MSEX,4941
MSEZ,7389
MSFN,6035
MSFT,7372
MSG,7990
MSGN,4841
MSHFQ,7310
MSI,3663
MSL,6021
MSLP,2834
MSM,5084
MSMY,1700
MSN,3651
MSNI,7370
MSOF,6770
MSON,3821
MSPC,6500
MSRT,7370
MSSB,7372
MSSI,7363
MSSV,5990
MSTF,7363
MSTG,5013
MSTO,5960
MSTR,7372
MSVB,6035
MT,3312
MTAFF,1000
MTB,6022
MTBC,7372
MTCH,7370
MTD,3826
MTDR,1311
MTEM,2834
MTENY,4813
MTEX,2833
MTFB,2834
MTG,6351
MTH,1531
MTL,3312
MTLI,1000
MTLK,3674
MTLQU,3711
MTLS,7372
MTN,7990
MTNB,2834
MTNX,3674
MTOR,3714
MTP,2834
MTPR,2821
MTR,6792
MTRN,3460
MTRO,5045
MTRX,1700
MTSC,3829
MTSI,3674
MTSL,3661
MTST,2834
MTTGF,1000
MTVX,5961
MTW,3531
MTWD,3440
MTX,2810
MTXS,7200
MTZ,1623
MU,3674
MUDS,6770
MUEL,3443
MUFG,6029
MUR,1311
MUSA,5500
MUSS,6770
MUX,1040
MVBF,6022
MVEN,7374
MVES,7812
MVIS,3679
MVO,1311
MVRK,7389
MVVYF,7372
MVXM,3790
MWA,3490
MWFO,5940
MWIS,4812
MWK,3634
MWWC,5013
MX,3674
MXC,1311
MXCYY,3550
MXIM,3674
MXL,3674
MXMG,7200
MXROF,1000
MXSG,1040
MXWL,3690
MYDP,5912
MYDX,3829
MYE,3089
MYFT,7310
MYFW,6022
MYGG,7372
MYGN,2835
MYHA,5912
MYHI,3600
MYL,2834
MYMX,2836
MYO,3842
MYOK,2834
MYOS,2834
MYOV,2834
MYRG,1623
MYRX,2834
MYRY,7374
MYSL,9995
MYSZ,7372
MYT,2860
MZEIQ,5122
MZKR,2510
MZTAQ,3714
NABZY,6021
NACG,3560
NADLY,1400
NAEX,5090
NAFS,8742
NAHD,3949
NAII,2833
NAK,1040
NAKD,2320
NANO,3829
NANX,3390
NAOV,3842
NASB,6035
NAT,4400
NATH,5812
NATI,7372
NATR,2834
NAUH,8200
NAV,3711
NAVB,2835
NAVI,6211
NBCO,3480
NBDR,6153
NBEV,2082
NBGIF,6029
NBGV,100
NBHC,6021
NBIO,2834
NBIX,2836
NBL,1311
NBLX,4610
NBN,6022
NBR,1381
NBRI,1000
NBRV,2834
NBSE,2834
NBTB,6021
NBVG,7389
NBY,2834
NC,3630
NCAP,2080
NCBS,6021
NCEN,4911
NCI,8742
NCLH,4400
NCMI,7310
NCNA,2834
NCR,3578
NCRA,6770
NCRE,1090
NCSM,1389
NCTW,5180
NCTY,7389
NDAQ,6200
NDDG,3822
NDENF,1000
NDES,5141
NDLS,5812
NDMT,7310
NDRA,3845
NDSN,3569
NDVN,7374
NE,1381
NEBU,6770
NECA,2860
NECB,6035
NEE,4911
NEFB,6021
NEGY,1382
NEIK,3663
NEM,1040
NEMD,3841
NEN,6513
NEO,8734
NEOG,2835
NEOM,7373
NEON,3679
NEOS,2834
NEP,4911
NEPH,3841
NEPT,2834
NERG,1090
NERV,2834
NES,1389
NESR,1389
NETE,7374
NETO,7372
NEU,2860
NEUN,2834
NEVE,4822
NEVPF,2834
NEW,8200
NEWA,4950
NEWEN,4911
NEWG,3612
NEWM,2711
NEWR,7372
NEXA,1000
NEXS,2834
NEXT,4923
NFC,6770
NFE,4924
NFEI,1311
NFG,4924
NFIN,6770
NFLX,7841
NFSE,6153
NFTI,2890
NG,1040
NGBL,3585
NGCG,9995
NGD,1000
NGELF,8880
NGEY,900
NGG,4922
NGHC,6331
NGHTD,7900
NGL,5172
NGLD,1040
NGLS.A,4922
NGM,2834
NGMC,7331
NGOOB,2860
NGRC,1040
NGS,1389
NGTF,2060
NGVC,5411
NGVT,2800
NH,7374
NHC,8051
NHEL,7374
NHI,6798
NHLD,6200
NHLE,5961
NHLI,4011
NHMD,2040
NHRIF,1000
NHTC,5190
NHYDY,1311
NI,4931
NICE,3571
NICH,2330
NICK,6153
NIDB,6035
NIHD,4812
NIHK,4899
NIHL,7371
NILA,1000
NIMU,3845
NINE,1389
NINK,1400
NIO,3711
NIOBF,1000
NIPNF,3570
NISTF,3310
NIU,3711
NJDCY,3621
NJMC,1040
NJR,4924
NK,2836
NKE,3021
NKRN,1381
NKSH,6021
NKTR,2834
NL,2810
NLBS,2020
NLMP,7812
NLNK,2834
NLRT,1000
NLS,3949
NLSN,7389
NLST,3674
NLTX,2834
NLY,6798
NM,4412
NMCI,4412
NMEX,1040
NMGC,3674
NMIH,6351
NMKEF,1000
NMM,4412
NMNX,1000
NMOC,1040
NMR,6211
NMRD,3841
NMREF,1000
NMRK,6531
NMSCA,5812
NMTC,3841
NMTLF,1000
NMTT,3990
NMXS,7372
NNA,4412
NNBP,2834
NNBR,3562
NNDM,3672
NNHE,3320
NNI,6141
NNN,6798
NNRI,4955
NNRX,2020
NNUP,3944
NNUTU,100
NNVC,8731
NNWS,7374
NNXPF,2821
NOA,1389
NOAH,6282
NOBDF,2834
NOBH,2451
NOC,3812
NODC,6770
NODK,6331
NOEC,2860
NOG,1311
NOHO,8200
NOK,3663
NOMD,2000
NORNQ,3334
NORX,1311
NORZF,1000
NOUV,2860
NOV,3533
NOVA,4931
NOVC,6531
NOVN,2834
NOVT,3690
NOVZ,1000
NOW,7372
NP,2621
NPHC,2833
NPK,3480
NPNTQ,4899
NPO,3050
NPPXF,4813
NPTN,3674
NPWI,7374
NQCI,3841
NR,3533
NRBT,3540
NRC,8731
NRCG,4955
NRE,6798
NRG,4911
NRGT,7311
NRIM,6035
NRIS,1311
NRLB,6022
NROM,5812
NRP,1221
NRPI,7372
NRT,6792
NRTHF,3510
NRUC,6159
NRWS,4899
NRZ,6798
NS,4610
NSA,6798
NSARO,4911
NSAUF,1000
NSAV,7389
NSBK,6022
NSC,4011
NSCO,7359
NSEC,6311
NSEO,7371
NSFDF,1382
NSIT,5961
NSLPQ,1311
NSMCF,1000
NSP,7363
NSPDF,2834
NSPR,3841
NSPX,2834
NSRCF,1040
NSRS,1381
NSSC,3669
NSTG,2836
NSTM,5990
NSYS,3679
NTAH,9995
NTAP,3572
NTB,6029
NTCHF,8700
NTCT,7373
NTCXF,3674
NTEC,2834
NTEI,1000
NTEK,200
NTES,7389
NTFL,6211
NTFY,3661
NTGL,6770
NTGN,2836
NTGR,3661
NTIC,3470
NTII,2836
NTIP,6794
NTLA,2835
NTLK,4899
NTN,4833
NTNX,7372
NTOX,3630
NTP,6500
NTPL,7372
NTPY,2844
NTR,2870
NTRA,8071
NTRB,3842
NTRP,2834
NTRR,2833
NTRS,6022
NTRU,8082
NTTHF,1090
NTUR,4899
NTUS,3845
NTWK,7372
NTWN,2050
NTZ,2510
NUAN,7372
NUE,3312
NUGL,8900
NUGN,2844
NUGS,100
NUKK,8742
NUMD,3841
NUPMF,1040
NURO,3841
NUS,5122
NUTTQ,3661
NUUU,5190
NUVA,3841
NUVG,700
NUVI,7370
NUVM,5140
NUVR,4813
NUZE,5900
NVAX,2836
NVCN,3841
NVCP,3841
NVCR,3841
NVDA,3674
NVEC,3674
NVEE,7380
NVES,4899
NVFY,2510
NVGI,7389
NVGS,4412
NVGT,9995
NVIC,4950
NVIV,3841
NVLN,2834
NVMI,3827
NVNT,3577
NVO,2834
NVOS,3510
NVR,1531
NVRO,3841
NVS,2834
NVT,3550
NVTA,8071
NVTQF,7372
NVTR,3841
NVUS,2834
NWBB,6035
NWBD,3669
NWBI,6021
NWBO,2834
NWCI,3845
NWCN,7310
NWE,4931
NWFL,6022
NWGC,1040
NWGI,7372
NWGN,2911
NWHM,1531
NWIN,6035
NWL,3089
NWLI,6311
NWMH,5990
NWN,4924
NWOL,3669
NWPG,1040
NWPN,9995
NWPP,6022
NWPX,3317
NWS,2711
NWSTF,1382
NWTT,4813
NWUC,1382
NWWTF,6199
NWYF,6021
NWYU,2844
NX,3350
NXCN,7373
NXCR,6500
NXE,1090
NXEN,2834
NXEOW,5160
NXES,7389
NXFI,1389
NXGB,5122
NXGN,7373
NXMR,7389
NXNN,3845
NXPC,4953
NXPI,3674
NXPS,7372
NXRA,2844
NXRT,6798
NXST,4833
NXTC,2834
NXTD,7381
NXTH,2060
NXTN,7380
NXTYQ,6022
NYCB,6036
NYMT,6798
NYMX,2835
NYNY,5810
NYT,2711
NYXO,3571
NZIH,4213
O,6798
OAC'U,6770
OAK,6282
OART,3944
OAS,1311
OASMY,2834
OBAS,6500
OBCI,2842
OBE,1311
OBLN,3841
OBLR,3576
OBMP,2834
OBNK,6022
OBSV,2834
OBTEF,3714
OC,3290
OCBG,2080
OCBM,8742
OCC,3357
OCELD,4911
OCFC,6035
OCFN,6153
OCLG,3841
OCLN,2860
OCN,6162
OCSM,900
OCTX,1381
OCUL,2834
OCX,2835
ODC,3990
ODFL,4213
ODMO,5944
ODP,5940
ODT,2834
ODYC,3714
ODYY,2833
ODZA,1000
OEC,2890
OEDVQ,1311
OESX,3640
OFC,6798
OFED,6035
OFG,6022
OFIX,3841
OFLX,3430
OFSI,6021
OGE,4911
OGEN,2834
OGES,3690
OGI,2834
OGNG,1311
OGS,4924
OGSM,5140
OHAQ,2834
OHGID,3661
OHI,6798
OI,3221
OIBRQ,4813
OICT,6311
OIDN,1040
OII,1389
OIIM,3674
OILY,7331
OIS,3533
OKE,4923
OKTA,7372
OLBG,7389
OLBK,6022
OLED,3670
OLLI,5331
OLMM,3669
OLN,2800
OLNCF,3460
OLNK,7389
OLP,6798
OLVI,7310
OMAB,4581
OMAG,6500
OMBP,2836
OMC,7311
OMCL,3571
OMCM,7389
OMER,2834
OMEX,4400
OMF,6141
OMHE,2111
OMI,5047
OMMH,2834
OMN,3060
OMP,1381
OMPS,3670
OMRX,3826
OMSH,3089
OMTK,3714
OMVE,6500
ON,3674
ONB,6021
ONBI,2833
ONCE,2836
ONCI,7372
ONCS,2834
ONCT,2834
ONCX,2834
ONCY,2834
ONDK,6199
ONDR,2835
ONDS,3663
ONE,8200
ONFA,3714
ONIN,7389
ONLI,7373
ONOV,5990
ONPH,7372
ONSS,4412
ONTRF,8742
ONTX,2834
ONVC,4700
ONVO,2836
ONXC,1381
OOAG,1382
OOGI,1311
OOIL,1382
OOMA,7374
OPBK,6022
OPES,6770
OPGN,8071
OPGX,2833
OPHC,6021
OPHI,2870
OPI,6500
OPK,2834
OPLF,7372
OPMC,8060
OPMG,7331
OPMZ,2000
OPNT,1000
OPOF,6021
OPRX,7389
OPST,3827
OPTI,2834
OPTL,7372
OPTN,2834
OPTT,4911
OPUS,7389
OPVS,3674
OPXS,3827
OPY,6211
OR,1040
ORA,4911
ORAN,4813
ORBC,4899
ORBT,3679
ORC,6798
ORCL,7372
ORGH,100
ORGN,6798
ORGO,2834
ORGS,2834
ORHB,7371
ORHK,7372
ORHOF,7374
ORI,6351
ORIT,6022
ORLY,5531
ORMP,2834
ORMTQ,3490
ORN,1600
ORNCD,2080
ORONF,2833
ORPB,6021
ORRF,6022
ORSNU,6770
ORSX,3661
ORTX,2836
ORYX,3620
OSB,2400
OSBC,6022
OSBK,6022
OSCI,8011
OSG,4412
OSIN,3530
OSIS,3674
OSK,3711
OSMT,2834
OSN,3312
OSPN,7373
OSRS,3531
OSS,3571
OSSIF,7372
OSTK,5961
OSTO,1040
OSUR,3841
OSW,7997
OTED,8200
OTEL,4813
OTEX,7373
OTFT,3652
OTIC,2834
OTIV,3674
OTLK,2836
OTMN,1040
OTOW,3669
OTTR,4911
OTTV,4841
OTTW,6035
OUNZ,6221
OUT,6798
OVBC,6022
OVID,2834
OVIT,2834
OVLY,6022
OVTZ,7389
OWCP,3841
OWPC,2834
OWRDF,1000
OXBR,6331
OXFD,2835
OXIHF,7372
OXM,2320
OXY,1311
OXYS,3841
OYIEF,3412
OZK,6022
OZM,6282
OZMLF,8880
OZSC,3841
PAA,4610
PAAC,6770
PAAS,1040
PAC,4581
PACB,3826
PACC,4231
PACD,1381
PACK,3086
PACQ,6770
PACQF,6500
PACV,2080
PACW,6021
PAG,5500
PAGP,4610
PAGS,7374
PAHC,2834
PALDF,1000
PALL,6221
PALS,6162
PAM,4911
PANC,2836
PANL,4412
PANW,3577
PAOC,7372
PAOS,5072
PAPA,6770
PAR,3578
PARD,2834
PARF,2060
PARNF,2834
PARR,1311
PARS,2834
PASO,8011
PATI,4210
PATK,2430
PAVM,3841
PAXH,5700
PAYC,7372
PAYD,7389
PAYS,7389
PAYX,8700
PB,6022
PBA,1382
PBBI,6035
PBCT,6035
PBEC,4700
PBEP,3140
PBF,2911
PBFX,4610
PBH,2834
PBHC,6022
PBHG,7361
PBI,3579
PBIO,3826
PBIP,6036
PBMLF,1000
PBNK,6022
PBPB,5812
PBR,1311
PBSV,8742
PBT,6792
PBTS,7371
PBYA,8200
PBYI,2834
PCAR,3711
PCB,6022
PCBN,6022
PCDAF,2711
PCG,4931
PCG.A,4931
PCGR,3842
PCH,6798
PCHK,1000
PCHM,8071
PCLB,6022
PCLI,7389
PCMC,8742
PCMI,5961
PCNT,2836
PCOA,6794
PCOM,7389
PCPZ,7381
PCQRF,1382
PCRCF,1000
PCRFY,3651
PCRX,2834
PCSA,2834
PCSB,6036
PCSV,8200
PCTI,3663
PCTL,3590
PCTY,7372
PCYG,7374
PCYN,2834
PCYO,4941
PCYS,7372
PD,7372
PDCE,1311
PDCO,5047
PDD,7389
PDDPF,2834
PDEX,3841
PDFS,7372
PDGO,1040
PDIV,5812
PDLB,6035
PDLI,2836
PDM,6512
PDMI,3841
PDNLA,6798
PDOS,2721
PDPR,3842
PDPTF,1000
PDS,1381
PDSB,2834
PE,1311
PEB,6798
PEBC,6021
PEBK,6022
PEBO,6022
PECK,4932
PED,1311
PEDH,8200
PEER,7389
PEG,4931
PEGA,7374
PEGI,4911
PEGX,4833
PEI,6798
PEIW,3272
PEIX,2860
PEMIF,1000
PEN,3841
PENC,3470
PENN,7011
PEP,2080
PER,1311
PERI,7371
PERS,9995
PESI,4955
PESX,1381
PETQ,5122
PETS,5912
PETV,3841
PETZ,2000
PEYE,3845
PFBI,6022
PFBX,6022
PFE,2834
PFG,6321
PFGBQ,3669
PFGC,5141
PFHO,8090
PFIE,3533
PFIN,3540
PFIS,6021
PFLC,6022
PFMS,7389
PFMT,7380
PFND,3842
PFNO,1311
PFNX,2834
PFPT,7374
PFS,6035
PFSCF,2834
PFSF,7372
PFSI,6162
PFSW,7389
PFTI,3714
PFWIQ,8742
PG,2840
PGAI,6500
PGAS,4412
PGC,6029
PGCG,6500
PGEC,6792
PGEJF,1382
PGFY,7389
PGHEF,1311
PGID,3569
PGLO,7380
PGNE,1000
PGNT,3530
PGNX,2834
PGOG,3089
PGOL,1040
PGPM,1382
PGR,6331
PGRD,5900
PGRE,6798
PGSC,8742
PGSY,7372
PGTI,3442
PGTK,4955
PGUS,6500
PGVI,8300
PGYC,1382
PH,3490
PHAS,2834
PHBI,4581
PHCF,6282
PHCG,2080
PHG,3600
PHI,4813
PHIIQ,4522
PHIL,8741
PHIO,2834
PHLI,2833
PHM,1531
PHMB,7389
PHMC,8742
PHOT,3231
PHR,7389
PHRX,1000
PHRZF,4812
PHUN,7374
PHX,1311
PHYS,6221
PI,3679
PIAC,3564
PIC,6770
PICO,6500
PIED,1040
PIH,6331
PII,3790
PIKL,8900
PINC,8741
PINS,7370
PIOE,4911
PIR,5700
PIRE,8082
PIRS,8731
PIXY,7361
PJC,6211
PJET,7372
PJT,6282
PK,7011
PKBK,6022
PKD,1381
PKE,3672
PKG,2650
PKI,3826
PKKW,6022
PKOH,3460
PKPH,2834
PKTEF,6500
PKTX,2834
PKX,3312
PLAB,3674
PLAG,2030
PLAN,7372
PLAY,5812
PLBC,6153
PLCE,5651
PLD,6798
PLFF,5140
PLFX,7819
PLG,1040
PLGC,7372
PLIN,2011
PLKT,4700
PLM,1000
PLMR,6331
PLNHF,2833
PLNT,7997
PLNTQ,3714
PLOW,3531
PLPC,1623
PLPL,2834
PLPRF,2060
PLRTF,1040
PLSB,2086
PLSE,3841
PLSI,2833
PLT,3661
PLTM,6221
PLTT,2834
PLTYF,3089
PLUG,3620
PLUS,5045
PLUUF,1000
PLWY,7389
PLX,2836
PLXP,2834
PLXS,3672
PLYA,7011
PLYM,6798
PLYN,1040
PLYZ,1000
PM,2111
PMAH,3640
PMBC,6021
PMCB,2836
PMCCF,1040
PMD,8071
PMDL,3845
PMDP,6770
PME,900
PMGYF,1311
PMHG,6022
PMIR,6351
PMMEF,1040
PMOZ,3651
PMPG,1400
PMSO,7372
PMT,6798
PMTG,6798
PMTS,6153
PMULF,6500
PMXO,5900
PNAT,2842
PNBC,6021
PNBI,6021
PNBK,6021
PNC,6021
PNCKF,1400
PNFP,6021
PNGB,2300
PNGM,1000
PNGZF,1220
PNHT,8742
PNLT,2670
PNM,4911
PNMXO,4931
PNNX,5141
PNPL,3751
PNR,3550
PNRC,1311
PNRG,1311
PNTR,3663
PNTV,4841
PNW,4911
POAI,3842
PODD,3841
POETF,3674
POGS,1311
POL,2821
POLA,3690
POLR,7380
POLXF,2810
POOL,5090
POPE,800
POR,4911
POSC,3845
POST,2040
POTG,1000
POTN,2833
POTRF,1040
POWI,3674
POWL,3613
POWW,3480
POYN,5960
PPBI,6022
PPBN,6021
PPBV,2080
PPC,2015
PPCB,2834
PPCQ,1520
PPDF,6163
PPG,2851
PPHI,6331
PPIH,3564
PPJE,7389
PPL,4911
PPLT,6221
PPMD,2836
PPMT,7363
PPNT,7389
PPPMF,1040
PPPS,7389
PPRG,7389
PPRW,4931
PPSF,6035
PPSI,3612
PPWLM,4911
PQEFF,1381
PQG,2800
PRA,6331
PRAA,7320
PRAC,3540
PRAH,8731
PRCP,3827
PRE.F,6321
PREA,4953
PRED,2834
PREX,4911
PREXF,1382
PRFC,7372
PRFMF,3841
PRFT,7371
PRGBQ,2834
PRGNF,4412
PRGO,2834
PRGS,7372
PRGX,8700
PRHL,4911
PRHR,1311
PRI,6311
PRIEF,1382
PRIM,1623
PRK,6021
PRKA,7990
PRKI,7311
PRKR,3663
PRKV,1040
PRLB,3440
PRLE,6798
PRLO,5045
PRLX,8000
PRMW,5141
PRNB,2834
PRO,7371
PROM,7374
PROP,2860
PROT,2834
PROV,6035
PROXQ,3669
PRPCF,1000
PRPH,2834
PRPI,3590
PRPL,2510
PRPM,7372
PRPO,3826
PRQR,2834
PRRE,6500
PRRP,5900
PRSC,4700
PRSG,6200
PRSI,6552
PRSP,7374
PRT,1311
PRTA,2834
PRTH,7389
PRTK,2834
PRTO,2836
PRTR,4953
PRTS,5531
PRTT,2834
PRTX,8731
PRTY,5900
PRU,6311
PRVB,2834
PRVL,2836
PRVU,5651
PRXG,1520
PRXIQ,7900
PRXM,3663
PRYNF,7389
PRZM,7389
PS,7370
PSA,6798
PSB,6798
PSBC,6035
PSBP,6022
PSBQ,6022
PSCO,7373
PSCR,7330
PSDI,7363
PSDO,5045
PSFT,3600
PSGP,8748
PSGR,1040
PSID,3826
PSIQ,2000
PSIX,3510
PSJEY,1311
PSLV,6221
PSMT,5331
PSN,7373
PSNL,8071
PSO,2731
PSPW,3510
PSRU,7361
PSSR,3812
PSSS,1311
PSTG,3572
PSTI,2836
PSTL,6798
PSTO,4813
PSTRQ,1311
PSTV,3841
PSUD,1311
PSV,4412
PSWR,3577
PSWS,3580
PSWW,4911
PSX,2911
PSXP,4610
PTAM,7310
PTBS,6022
PTBTQ,2611
PTC,7372
PTCO,1311
PTCP,1311
PTCT,2834
PTE,2836
PTEEF,4899
PTEL,4812
PTEN,1381
PTEO,2834
PTGEF,1311
PTGX,2834
PTI,2834
PTITF,4813
PTIX,7389
PTLA,2834
PTLF,2860
PTN,2834
PTNR,4812
PTOG,5812
PTOI,5064
PTOP,7373
PTOS,1700
PTOTF,3812
PTPF,6794
PTR,1311
PTRC,1311
PTRO,1389
PTRS,6029
PTSC,6794
PTSH,8742
PTSI,4213
PTSRF,6798
PTSS,7510
PTTL,3790
PTTN,1040
PTTTS,6798
PTVCA,6331
PTVL,4700
PTXTQ,2834
PUB,6022
PUBC,7380
PUBGY,7311
PUGE,2200
PUK,6311
PULM,2834
PUMD,3841
PUMP,1389
PUPS,5531
PURA,1311
PURE,2890
PURT,7389
PURY,7389
PUSH,5411
PUYI,6282
PVAC,1311
PVBC,6035
PVCT,2834
PVDG,3640
PVEG,6770
PVEN,1000
PVG,1000
PVH,2320
PVHO,3651
PVL,1311
PVNC,6411
PVNNF,2890
PVOTF,2834
PVRS,1311
PVSP,4813
PVT,6770
PVTL,7372
PVTTF,8000
PW,6798
PWCO,6153
PWDY,6770
PWEI,2860
PWNX,3651
PWOD,6022
PWON,3990
PWR,1731
PWVI,3621
PXCE,2860
PXD,1311
PXFG,3140
PXHI,7200
PXLW,3674
PXPLF,3674
PXPP,7371
PXRB,7997
PXS,4412
PXSLY,2834
PXYN,2834
PYBX,7372
PYCT,5110
PYMOF,8880
PYPL,7389
PYRNF,3569
PYX,5150
PZG,1000
PZN,6282
PZOO,7389
PZRXQ,2834
PZZA,5812
QADA,7372
QALB,7374
QBAK,3695
QBAN,4813
QBIO,2834
QCCO,6099
QCOM,3663
QCRH,6022
QD,6199
QDEL,2835
QDLC,3825
QEBR,3990
QEDN,9995
QEGY,1311
QEP,1311
QEPC,3420
QES,1389
QFIN,6199
QFORQ,3669
QGEN,2836
QHC,8062
QHYG,4955
QING,3140
QIWI,7389
QKLS,5411
QLIS,3669
QLYS,7372
QMCI,7389
QMCO,3572
QMDT,3841
QMED,8090
QMIS,6770
QNBC,6022
QNST,7389
QNTA,7373
QNTO,6036
QOIL,1311
QPAG,5961
QPRC,5190
QPSF,7310
QPWR,2842
QRHC,7359
QRMLF,1000
QRON,2836
QRSM,3931
QRTEA,5961
QRVO,3674
QSEP,3533
QSMG,3949
QSPW,7372
QSR,5812
QTCI,2833
QTMM,1000
QTMR,7389
QTNT,2835
QTRH,6794
QTRRF,1000
QTRX,3826
QTS,6798
QTWO,7372
QTWWQ,3714
QTXB,3841
QUAD,2750
QUBT,7372
QUES,7373
QUIK,3674
QUMU,7372
QUOT,7310
QURE,2834
QURT,3823
QUTR,8741
QVCD,5961
QWIKF,7372
QWST,1311
QWTR,3585
QYBX,7812
QYOUF,7819
QZMRF,1040
R,7510
RACE,3711
RAD,5912
RADA,5065
RAFA,7370
RAFI,3714
RAIL,3743
RAIO,4899
RAMP,7374
RAND,2200
RARE,2834
RAREF,1090
RARX,2834
RASF,6798
RASP,2834
RAVE,5140
RAVN,3081
RBA,7389
RBB,6022
RBC,3621
RBCAA,6022
RBCC,200
RBCL,5190
RBCN,3674
RBKB,6036
RBNC,6022
RBNW,3640
RBS,6029
RBYC,1090
RBYCF,1000
RBZ,5961
RC,6798
RCAR,3841
RCAT,7372
RCCC,7948
RCHA,2834
RCI,4841
RCII,7359
RCIT,3663
RCKE,1000
RCKT,2834
RCKXF,3530
RCKY,3140
RCL,4400
RCM,8741
RCMH,7900
RCMT,7363
RCON,1389
RCPIQ,2833
RCRTD,7371
RCTC,9995
RCUS,2834
RDARD,7371
RDCM,3577
RDCO,7374
RDDTF,3679
RDFEF,8880
RDFN,6531
RDGA,6770
RDGL,3841
RDHL,2834
RDI,7830
RDIAF,1040
RDLSF,2741
RDML,7372
RDMR,7371
RDN,6351
RDNAF,1000
RDNT,8071
RDS'A,1311
RDTK,3844
RDUFF,1000
RDUS,2834
RDVA,3086
RDVT,7372
RDVWF,7372
RDWD,6211
RDWR,7389
RDY,2834
RE,6331
REAC,6531
REAL,5900
REBL,7990
RECN,7389
REDFY,7374
REDU,8200
REED,2086
REEI,7812
REEMF,1040
REFG,7389
REFR,6794
REG,6798
REGI,2860
REGN,2834
REGRF,6799
REGX,2860
REI,1311
REKR,3669
RELI,4833
RELL,5065
RELT,1700
RELV,2834
RELX,2741
REMI,3843
REMO,4700
RENN,7374
RENU,7361
REOS,1382
REPCF,1040
REPH,2834
REPL,2836
REPO,7374
REPR,3841
REPYY,2911
RES,1389
RESI,6500
RESN,3674
RETA,2834
RETC,7371
RETO,3290
REV,2844
REVB,6022
REVG,3711
REVI,2750
REX,2860
REXLQ,3716
REXN,2834
REXR,6798
REZI,5072
RF,6021
RFBC,1311
RFCS,3841
RFII,5900
RFIL,3678
RFL,6500
RFMK,7359
RFNS,6162
RFP,2621
RGA,6311
RGBD,5031
RGBOQ,3841
RGBP,2834
RGCO,4923
RGCTF,1040
RGDXQ,2835
RGEN,2836
RGFR,1311
RGGI,1090
RGIN,3841
RGLD,6795
RGLG,5712
RGLS,2834
RGMP,7819
RGNP,5944
RGNX,2836
RGR,3480
RGRX,2834
RGS,7200
RGSE,1700
RGSG,8200
RGUS,3510
RGWDS,1382
RH,5712
RHCO,6770
RHE,8051
RHI,7363
RHNO,1221
RHP,6798
RHWI,4512
RIBP,7370
RIBS,5810
RIBT,2040
RICK,5812
RICOY,3861
RIG,1381
RIGH,4911
RIGL,2834
RIHC,3842
RIHT,7389
RILY,7389
RINO,3569
RIO,1000
RIOFF,1000
RIOT,2835
RITE,3532
RITT,3669
RIVE,6021
RIVT,3540
RIVX,7372
RJDG,7374
RJF,6211
RKDA,2870
RKFL,7372
RKLC,5812
RKSCF,1000
RKTE,1000
RL,2320
RLBY,3825
RLGMF,1040
RLGT,4731
RLGY,6531
RLH,7011
RLI,6331
RLJ,6798
RLLT,5990
RLLVF,2834
RLLY,6794
RLMD,2834
RM,6141
RMAX,6531
RMBL,7371
RMBS,3674
RMCF,2060
RMD,3841
RMDM,6770
RMED,3841
RMES,1000
RMG,6770
RMHB,2080
RMLS,7990
RMNI,7389
RMR,8742
RMRI,7380
RMRK,1040
RMSL,7200
RMTD,4812
RMTI,3845
RMTN,6500
RNBI,3231
RNDB,6022
RNDXF,1040
RNET,4899
RNG,7374
RNGC,7373
RNGR,1389
RNKLF,1000
RNOV,8742
RNR,6331
RNSFF,1400
RNSGF,1040
RNST,6022
RNVA,8734
RNWF,6770
RNWK,7371
RNWR,4932
ROAD,1600
ROAN,1311
ROBK,7011
ROCK,3310
RODN,3281
ROFO,3651
ROG,2821
ROGFF,1040
ROIC,6798
ROIUD,7373
ROIX,8011
ROK,3829
ROKK,8742
ROKR,7900
ROKU,4841
ROL,7340
ROLL,3562
ROP,3823
ROSE,1311
ROSGQ,2834
ROST,5651
ROSYY,4813
ROTGF,8880
ROTH,2834
ROWC,2510
ROX,2080
ROYE,1221
ROYL,1311
ROYT,1311
RP,7372
RPAI,6798
RPAY,7389
RPD,7372
RPDT,7389
RPFG,6022
RPLA,6770
RPM,2851
RPMT,7372
RPNRF,2834
RPT,6798
RRBI,6022
RRC,1311
RRD,2750
RRGB,5812
RRGI,7389
RRIF,6794
RRR,7011
RRRI,9995
RRRT,7370
RRTS,4731
RS,5051
RSASF,7374
RSAU,7363
RSCF,3821
RSCI,7371
RSDNF,1400
RSG,4953
RSGX,7363
RSHN,7389
RSHYY,4911
RSKIA,3669
RSLS,3845
RSPI,2834
RSRV,1311
RSSS,7389
RSSV,7990
RST,7372
RSTRF,5812
RTAS,4813
RTEC,3823
RTIX,3842
RTLR,4922
RTN,3812
RTNB,8742
RTNTF,1000
RTON,7374
RTRX,2834
RTSO,5172
RTTO,5960
RTTR,2834
RTW,5621
RUBI,7370
RUBY,2836
RUHN,5961
RUN,3430
RUNI,3089
RUSHA,5500
RUTH,5812
RVALL,3842
RVBR,3949
RVEN,6798
RVI,6500
RVIV,2844
RVLT,3640
RVLV,5961
RVMIZ,6798
RVNC,2834
RVNG,1000
RVP,3841
RVRA,1311
RVRF,6022
RVSB,6035
RVSDF,1040
RVTI,3569
RVVQF,8748
RVVTF,2834
RWFC,2860
RWGE,6770
RWLK,3842
RWMI,2844
RWRDP,7200
RWT,6798
RWWDF,7372
RWWI,7372
RXEI,2834
RXMD,5912
RXN,3560
RY,6029
RYAAY,4512
RYAM,2820
RYB,8200
RYES,1000
RYFL,6036
RYI,5051
RYMDF,5047
RYMM,1000
RYN,6798
RYPE,1311
RYPPF,3949
RYSMF,1000
RYTM,2834
RZLT,2834
RZZN,5090
S,4813
SA,1040
SAAX,7374
SABN,1311
SABR,7370
SACH,6798
SAEC,1311
SAEI,1000
SAEX,1382
SAFE,6519
SAFM,2015
SAFO,700
SAFS,9995
SAFT,6331
SAGD,1000
SAGE,2834
SAH,5500
SAHN,7371
SAIA,4213
SAIC,7373
SAIL,7372
SAKL,7900
SAL,6035
SALM,4832
SALN,2721
SALT,4412
SAM,2082
SAMA,6770
SAMG,6282
SAN,6029
SAND,1040
SANM,3672
SANP,1000
SANT,7374
SANW,100
SAP,7372
SAPX,7812
SARSF,2833
SASR,6021
SATS,3663
SAUC,5812
SAVA,2834
SAVE,4512
SAVW,3640
SAYC,2844
SB,4412
SBAC,6798
SBAY,7374
SBBP,2834
SBBX,6022
SBCF,6022
SBES,6531
SBE'U,6770
SBFG,6022
SBFM,8731
SBGI,4833
SBGL,1040
SBH,5990
SBKK,6022
SBLK,4412
SBNC,6022
SBOW,1311
SBPH,2834
SBR,6792
SBRA,6798
SBS,4941
SBSAA,4832
SBSI,6022
SBT,6035
SBTB,6022
SBUX,5810
SC,6141
SCAY,6022
SCBZ,4210
SCCO,1000
SCDA,7372
SCE.B,4911
SCFR,6770
SCGX,1311
SCGY,6794
SCHL,2731
SCHN,5090
SCHS,6770
SCHW,6211
SCI,7200
SCIA,3620
SCIE,3845
SCIL,8200
SCIXF,3555
SCKT,3571
SCL,2840
SCMWY,4813
SCND,3826
SCNG,2860
SCNTQ,7373
SCON,3663
SCOO,5000
SCOR,7389
SCPE,6770
SCPH,2834
SCPJ,2040
SCPL,7374
SCRCQ,5122
SCRH,7900
SCRYY,6311
SCS,2522
SCSC,5045
SCSG,6021
SCTN,7389
SCTZ,5960
SCVL,5661
SCWX,7372
SCX,3420
SCYX,2834
SCYYF,1000
SCZC,6022
SD,1311
SDEC,7372
SDEV,3690
SDI,2100
SDIG,5900
SDLP,1381
SDON,6770
SDPI,3533
SDR,1311
SDRC,1040
SDRL,1381
SDSS,3669
SDSYA,2070
SDT,1311
SDTC,2840
SDVI,7372
SDXAY,8741
SE,7380
SEAC,3663
SEAS,7990
SEB,6221
SEBC,6022
SECI,5090
SECO,5990
SEDG,3674
SEDH,6500
SEDN,5045
SEDO,8742
SEE,2820
SEED,100
SEEK,7311
SEEL,2834
SEGI,7812
SEGN,7990
SEHI,3652
SEIC,6211
SEII,3550
SELB,2834
SELF,6798
SELR,900
SELT,4841
SEM,8060
SEMG,1389
SENEA,2033
SENR,4955
SENS,3823
SENY,3510
SEOAY,2600
SERV,8741
SES,2990
SESI,3433
SESN,2834
SETO,3540
SEVA,7389
SEVT,2890
SEYE,3851
SF,6211
SFBC,6035
SFBE,4813
SFBI,6035
SFBS,6022
SFDL,6022
SFE,6799
SFEF,6500
SFEG,1000
SFET,7372
SFHD,6162
SFHI,1540
SFIN,2834
SFIV,3571
SFIX,5961
SFL,4412
SFLY,7384
SFM,5411
SFNC,6021
SFOR,7372
SFPI,1382
SFRX,7900
SFST,6021
SFUN,7374
SG,6331
SGA,4832
SGB,6022
SGBH,1220
SGBI,2834
SGBX,5030
SGC,2300
SGCPD,1400
SGDH,5094
SGEN,2836
SGH,3674
SGIL,7389
SGLA,5140
SGLB,3990
SGLN,3674
SGLRF,1311
SGLS,5500
SGMA,3672
SGMD,5110
SGMNF,1040
SGMO,2836
SGMS,7373
SGMZ,7370
SGNI,6799
SGOC,3663
SGOL,6221
SGOO,1000
SGOU,6531
SGRB,4899
SGRP,7389
SGRY,8062
SGRZ,4731
SGSI,4813
SGTB,7389
SGTH,2834
SGTI,2834
SGTN,1311
SGU,5990
SGUJ,7389
SGYI,6331
SHAK,5810
SHBI,6021
SHCC,1311
SHEN,4813
SHG,6021
SHI,2821
SHIP,4412
SHLDQ,5311
SHLL,6770
SHLO,3460
SHLX,4610
SHMN,7389
SHMP,900
SHNL,1040
SHO,7011
SHOO,3140
SHOP,7372
SHOS,5311
SHPGF,2834
SHPNF,1382
SHRG,7374
SHSP,7372
SHW,5200
SHWK,4400
SIAF,900
SIBE,8200
SIBN,3841
SIC,1520
SICNF,1000
SID,3310
SIDGQ,3460
SIEB,6211
SIEGY,3600
SIEN,3842
SIF,3724
SIFY,7370
SIG,5944
SIGA,2834
SIGI,6331
SIGL,3829
SIGM,3674
SIGN,4833
SIGO,2834
SIGP,7200
SIII,7372
SILC,3576
SILK,3841
SILV,1040
SILXY,8700
SIM,3312
SIMC,3679
SIML,3663
SIMO,3674
SINA,7372
SINC,2820
SING,5960
SINO,4731
SINT,3841
SINX,3580
SIPC,6162
SIPN,3663
SIRC,1381
SIRI,4832
SITC,6798
SITE,700
SITO,7389
SITS,7372
SIUIF,3674
SIVB,6022
SIVR,6221
SIX,7990
SIXD,8742
SJI,4924
SJM,2033
SJR,4841
SJT,6792
SJW,4941
SKAJ,6282
SKAS,4581
SKDI,100
SKFRY,3562
SKGO,4899
SKIS,7011
SKKY,7372
SKM,4812
SKPI,1382
SKPN,4513
SKPO,1311
SKRUF,6311
SKRV,6531
SKSK,2390
SKT,6798
SKTO,7389
SKVI,2834
SKVY,3669
SKX,3140
SKY,2451
SKYI,8741
SKYL,5900
SKYS,4911
SKYW,4512
SKYX,3640
SLAB,3674
SLB,1389
SLCA,1400
SLCH,4581
SLCO,5812
SLCT,6022
SLDB,2836
SLF,6311
SLG,6798
SLGD,2844
SLGG,7900
SLGL,2834
SLGN,3411
SLGX,1040
SLGYF,8880
SLIF,3990
SLLN,8742
SLM,6141
SLMNP,2821
SLNG,3620
SLNM,7310
SLNN,3711
SLNO,3845
SLNX,4955
SLOT,4700
SLP,7373
SLPA,5020
SLRK,6021
SLROF,1000
SLRX,2834
SLS,2834
SLSC,7200
SLTN,3021
SLTZ,5082
SLV,6221
SLVH,6770
SLVRF,1040
SM,1311
SMAA,7310
SMAR,7372
SMBC,6036
SMBK,6021
SMCE,7373
SMCI,3571
SMDM,3652
SMED,4955
SMEV,4841
SMFG,6029
SMG,2870
SMGE,5960
SMGI,1311
SMHI,4412
SMID,3272
SMIT,3823
SMKC,3990
SMKG,5045
SMLP,4922
SMLR,3845
SMMC,6770
SMME,3990
SMMF,6022
SMMR,2013
SMMT,2834
SMOFF,1000
SMP,3714
SMPL,2000
SMPP,5122
SMPR,1400
SMRL,7372
SMRN,2080
SMRT,5651
SMSI,7372
SMSMY,5090
SMTA,6798
SMTC,3674
SMTI,3842
SMTS,1000
SMTX,3672
SMVE,4213
SMVR,1040
SMWK,3944
SMXMF,1000
SNA,3420
SNAP,7370
SNAS,6351
SNAVF,3812
SNBP,2834
SNBR,2510
SNCR,7371
SND,1400
SNDE,1311
SNDL,2833
SNDR,4213
SNDX,2834
SNDZ,3841
SNE,3651
SNECQ,1311
SNES,2870
SNFCA,6199
SNGX,2834
SNGY,5812
SNH,6798
SNHR,2844
SNIPF,7310
SNLP,1520
SNMBQ,7372
SNMN,7900
SNMP,1311
SNN,3842
SNNA,2834
SNNC,2834
SNNF,6035
SNNN,4700
SNNY,6035
SNOA,2834
SNP,2911
SNPS,7372
SNPW,5812
SNR,6798
SNRG,4953
SNRR,8711
SNRY,3674
SNSGF,3714
SNSS,2834
SNST,6770
SNTW,3231
SNV,6021
SNVP,1311
SNWR,3669
SNWV,3841
SNX,5045
SNY,2834
SNYR,2833
SO,4911
SOAN,2834
SOCC,3290
SOCGM,4922
SODI,3674
SOEN,3674
SOFO,3663
SOFT,7373
SOGO,7371
SOHL,6200
SOHO,6798
SOI,3533
SOIS,1311
SOL,3674
SOLCF,2834
SOLI,2834
SOLO,3711
SOLQ,7371
SOLS,7374
SOLY,3841
SOMC,6022
SON,2650
SONA,6022
SONM,3661
SONO,3651
SONT,5960
SOPK,7372
SOPV,7380
SOQDQ,1311
SORL,3714
SORT,3579
SOSO,3577
SOST,7011
SOTK,3690
SOUG,7370
SOUL,7372
SOUM,4841
SOUPQ,5960
SOYO,5064
SP,7510
SPAQ,6770
SPAR,3711
SPB,3690
SPCB,3674
SPCO,2844
SPDC,5045
SPDE,3841
SPDL,7389
SPEC,7380
SPEX,6794
SPFI,6022
SPG,6798
SPGI,7320
SPGX,1311
SPGZ,5094
SPH,5900
SPHRY,8880
SPHS,2834
SPI,3674
SPIN,8060
SPIR,3674
SPKE,4931
SPKKY,4813
SPLIF,2060
SPLK,7372
SPLM,1382
SPLP,3390
SPLY,5960
SPMI,7500
SPMYY,4813
SPN,1389
SPND,1311
SPNE,3841
SPNI,7990
SPNS,7372
SPOI,7371
SPOK,4812
SPOM,7372
SPOS,3711
SPOT,4832
SPOWF,1311
SPPI,2834
SPPJY,2670
SPPP,6221
SPQS,7900
SPR,3728
SPRL,7900
SPRN,1311
SPRO,2834
SPRS,5065
SPRT,7374
SPRWF,2834
SPRZ,7389
SPSC,7372
SPTN,5141
SPUP,2020
SPWH,5940
SPWR,3674
SPXA,7370
SPXC,3540
SPYR,5810
SQ,7372
SQBG,2300
SQCC,7372
SQFL,3640
SQIDF,2835
SQM,1400
SQNS,3674
SQTI,1000
SR,4924
SRAX,7311
SRBCF,2833
SRBT,1040
SRC,6512
SRCE,6022
SRCH,1000
SRCI,1311
SRCL,4955
SRCO,7389
SRDX,3841
SRE,4932
SREV,7389
SRG,6500
SRGE,1040
SRGZ,1000
SRI,3714
SRII,6770
SRLP,5171
SRNA,700
SRNE,8731
SRNN,6035
SRNW,2860
SROYF,1040
SRPT,2834
SRPX,3652
SRRA,2834
SRRE,6513
SRRK,2836
SRSCQ,5311
SRSG,1311
SRSIF,1040
SRSR,1000
SRT,7363
SRTI,4813
SRTS,3841
SRUP,2100
SRYB,6022
SSB,6022
SSBP,6036
SSCFF,3585
SSCR,6770
SSD,3420
SSET,7389
SSFN,6022
SSFT,7370
SSGOF,7389
SSI,5651
SSKN,3841
SSL,1311
SSNC,7372
SSNT,7389
SSNYY,1381
SSOF,3533
SSOK,5331
SSOL,1600
SSP,4833
SSPC,5990
SSPKU,6770
SSPXF,1040
SSRC,6794
SSREY,8880
SSRM,6795
SSTI,7372
SSTK,7374
SSTRF,7372
SSTT,8742
SSTU,7389
SSTY,7389
SSUR,3841
SSVC,7371
SSW,4412
SSY,8062
SSYS,3577
ST,3823
STAA,3851
STAF,7363
STAG,6798
STAL,2590
STAR,6798
STAU,2300
STAY,7011
STBA,6022
STBI,6021
STBMF,1000
STBV,7200
STC,6361
STCB,7311
STCC,3050
STCN,7389
STDE,1311
STEV,700
STFC,6331
STG,8200
STGGQ,6770
STHC,6500
STHI,1520
STI,6021
STIE,7374
STIM,3841
STJO,7361
STKL,5150
STKR,3827
STKS,5812
STL,6021
STLD,3312
STLHF,1400
STLT,2834
STLY,2511
STM,3674
STMGF,1400
STMH,6500
STML,2834
STMM,6770
STMP,7389
STN,8711
STND,6022
STNE,7374
STNG,4412
STNL,6770
STNN,2834
STNT,7510
STOK,2834
STON,7200
STOR,6798
STQN,6770
STRA,8200
STRB,3559
STRI,3081
STRL,1600
STRM,7373
STRO,2836
STRS,6552
STRT,3714
STRZ,5812
STSC,7373
STT,6022
STTH,7389
STTX,1311
STUO,7373
STVA,7380
STWC,8742
STWD,6798
STWRY,8880
STX,3572
STXB,6022
STXS,3845
STYS,3480
STZ,2080
SU,2911
SUBB,1389
SUBCY,1389
SUGR,6035
SUI,6798
SUIC,2860
SUM,1400
SUME,4911
SUMR,3990
SUN,2911
SUNC,8734
SUND,6411
SUNW,3661
SUP,3714
SUPN,2834
SUPV,6029
SURF,2836
SURG,7310
SURJF,1040
SURP,3559
SUTI,3990
SUUB,2300
SUVZ,7372
SUWN,2834
SUZ,2621
SVA,2834
SVAD,2750
SVBI,6021
SVBL,1000
SVBT,6029
SVDN,7372
SVIN,100
SVLT,4931
SVM,1040
SVMB,7372
SVMK,7370
SVMMF,1040
SVRA,2834
SVSE,1311
SVSN,5731
SVSO,3827
SVT,3420
SVTE,7600
SVTLQ,4822
SVXA,7389
SWAV,3841
SWCC,7900
SWCH,7370
SWEE,2860
SWET,1040
SWGI,2750
SWHI,4813
SWI,7372
SWIOU,2860
SWIR,3663
SWK,3420
SWKH,6159
SWKS,3674
SWM,2621
SWN,1311
SWRI,2086
SWRL,5812
SWRM,3711
SWVI,2320
SWWI,2300
SWX,4923
SXC,3312
SXEEQ,4922
SXI,3580
SXNTF,1040
SXT,2860
SXTC,2834
SY,7374
SYBF,5400
SYBJF,6022
SYBRQ,5141
SYBT,6022
SYBX,2834
SYCRF,6351
SYDW,8742
SYEV,3560
SYF,6199
SYK,3841
SYKE,7373
SYMC,7372
SYN,2834
SYNA,3674
SYNC,7370
SYNH,8731
SYNI,2834
SYNJ,6221
SYNL,3317
SYPR,3823
SYPT,7374
SYRS,2834
SYSX,7371
SYTE,7374
SYUP,2020
SYVC,2833
SYX,5084
SYY,5140
SYYC,7310
SZBI,6035
SZSN,100
T,4813
TA,5500
TAC,4911
TACI,8742
TACO,5812
TACT,3577
TAER,3640
TAGP,1311
TAIT,5065
TAK,2834
TAKD,3661
TAKUF,1040
TAL,8200
TALN,5130
TALO,1311
TALR,6798
TAMG,3714
TAMO,1311
TANH,2860
TAOIF,1382
TAOP,7372
TAP,2082
TAPM,7372
TAPP,1040
TAQR,7372
TARO,2834
TARSF,1040
TAST,5812
TAT,1382
TATT,3724
TAUG,2833
TAXA,6794
TAYD,3569
TAYO,8741
TBACQ,2300
TBBK,6021
TBET,2834
TBEV,2834
TBI,7363
TBIO,2836
TBK,6022
TBLT,3420
TBLZ,3089
TBNK,6035
TBPH,2834
TBPMF,2833
TBSS,5700
TBTC,7990
TC,7389
TCBI,6022
TCBK,6022
TCCO,3663
TCDA,2834
TCEC,1311
TCEL,5094
TCF,6021
TCFC,6022
TCFCP,6021
TCFF,1311
TCGD,7371
TCGN,3350
TCHC,7812
TCHH,7389
TCI,6798
TCLRY,3651
TCMD,3841
TCNB,6022
TCNT,7320
TCO,6798
TCON,2836
TCP,4922
TCPP,5900
TCRR,2836
TCRRF,1311
TCS,5700
TCX,7374
TD,6029
TDAC,6770
TDC,7372
TDCB,6036
TDCH,8200
TDG,3728
TDLAF,2833
TDNT,2020
TDOC,8011
TDS,4813
TDSGF,8071
TDW,4400
TDXP,7372
TDY,3812
TDYT,3490
TEAH,4210
TEAM,7372
TEAR,3841
TECD,5045
TECH,2836
TECK,1400
TECO,1311
TECR,7372
TECTP,6022
TEDU,8200
TEF,4813
TEGR,1382
TEGY,1389
TEHG,5211
TEKI,7389
TEL,5065
TELL,1311
TEN,3714
TENB,7372
TENX,8731
TEO,4813
TER,3825
TERA,3576
TERP,4911
TESS,5065
TETAA,6282
TEUCF,4412
TEUM,7373
TEVA,2834
TEX,3537
TEXC,4581
TEXG,1382
TFGL,5190
TFONF,4812
TFRFF,2340
TFRY,6794
TFSL,6035
TFX,3841
TG,3350
TGA,1311
TGB,1040
TGC,1311
TGCDF,1040
TGE,4922
TGEN,3585
TGGI,4899
TGH,7359
TGI,3720
TGIC,6351
TGLO,7310
TGLP,2834
TGLS,3211
TGMGF,1040
TGNA,4833
TGP,4400
TGRF,6021
TGRO,1311
TGRP,4822
TGRR,5812
TGS,4922
TGSI,1400
TGT,5331
TGTMF,3567
TGTNF,7389
TGTX,2834
TH,7000
THBRU,6770
THC,8062
THCA,6770
THCB,6770
THCT,3523
THEE,7310
THERF,2834
THFF,6022
THG,6331
THLT,3640
THM,1000
THMG,1000
THO,3716
THOR,2834
THPHF,7370
THR,3620
THRA,5940
THRM,3714
THRO,1040
THRR,3360
THS,2030
THST,2080
THTI,3443
THVB,6021
TIAIY,4899
TIBR,6770
TIDE,1382
TIF,5944
TIGE,8200
TIGO,4812
TIGR,6211
TIKK,3670
TIKRF,8731
TILCF,6331
TILE,2273
TINO,7372
TIPS,9995
TIPT,6331
TIRTZ,6792
TISDZ,1311
TISI,7600
TISUQ,2621
TITN,5990
TIVO,6794
TIXC,7830
TJX,5651
TK,4412
TKAGY,4813
TKAT,5990
TKC,4813
TKCI,8742
TKCM,7374
TKGBY,8880
TKGL,5045
TKKS,6770
TKLS,3630
TKOI,3822
TKOMY,6331
TKR,3562
TLC,2834
TLCC,2833
TLCO,4813
TLDN,3440
TLF,3100
TLFX,5090
TLGT,2834
TLIF,4813
TLK,4813
TLKGY,3661
TLLEQ,4812
TLLYF,4812
TLND,7372
TLOG,2834
TLOOF,7372
TLRA,7311
TLRD,5600
TLRS,1040
TLRY,2833
TLSA,2834
TLSRP,7373
TLSS,4700
TLSYY,4813
TLTZF,4813
TLYS,5600
TM,3711
TMAK,6021
TMBXF,1000
TMCV,6021
TMCX,6770
TMDI,3841
TMDX,3845
TME,4832
TMED,3845
TMEN,4955
TMGI,4832
TMGY,3620
TMHC,1531
TMICY,7372
TMIN,2731
TMIX,2891
TMKXY,3317
TMMI,7371
TMO,3829
TMOL,2750
TMP,6022
TMPS,4700
TMQ,1040
TMRC,1040
TMRR,4700
TMSH,6153
TMSR,6770
TMST,3312
TMUS,4812
TMXN,3669
TNAV,3812
TNBI,2040
TNC,3580
TNCP,5080
TNDM,3841
TNEN,1311
TNET,7389
TNGNQ,2836
TNGS,1311
TNK,4400
TNKY,1311
TNLX,3990
TNP,4412
TNPH,2834
TNRG,3559
TNRK,3690
TNTRQ,7374
TNTY,3669
TNXP,2834
TNYBF,2086
TOAK,6022
TOCA,2834
TOFB,2024
TOGL,7385
TOL,1531
TOMDF,3841
TOMI,1381
TOMZ,2860
TONJ,8062
TONR,3942
TOO,4400
TOPS,4412
TOPZ,2340
TORC,2834
TORM,2810
TOT,1311
TOTA,6770
TOUR,4700
TOWR,3714
TOWTF,2834
TPAC,1311
TPB,2100
TPC,1540
TPCO,2711
TPCS,3440
TPGH,6770
TPH,1531
TPHS,6512
TPIC,3510
TPII,6200
TPL,6792
TPNI,7372
TPPM,7372
TPPPF,7373
TPR,3100
TPRE,6331
TPRP,6512
TPTW,4899
TPTX,2834
TPX,2510
TR,2060
TRAC,6200
TRARF,1000
TRBD,3714
TRBO,7370
TRBX,3751
TRC,6500
TRCB,6022
TRCH,1311
TRCK,3669
TRCO,4833
TRCY,6022
TRDX,3842
TREC,2911
TREE,6163
TREP,7381
TREX,2400
TRGM,2834
TRGP,4922
TRHC,7389
TRHF,2844
TRI,2741
TRIB,2835
TRII,8711
TRIL,2834
TRIP,7370
TRITF,8711
TRK,7948
TRKKD,4813
TRKR,6792
TRKX,1382
TRLFF,2000
TRMB,3829
TRMK,6021
TRMM,7372
TRMNF,1040
TRMT,6798
TRN,3743
TRNE,6770
TRNO,6500
TRNS,3825
TRNX,3559
TRON,7389
TROV,2836
TROW,6200
TROX,2810
TRP,4922
TRPX,2834
TRQ,1000
TRRB,4700
TRRE,7812
TRS,3460
TRST,6022
TRT,3559
TRTC,3510
TRTI,4911
TRTK,8711
TRTN,7359
TRTX,6798
TRU,7320
TRUA,2330
TRUL,2810
TRUP,6324
TRV,6331
TRVG,7374
TRVI,2834
TRVN,2834
TRWH,7011
TRX,1040
TRXA,7389
TRXC,3841
TRXD,5122
TRXO,1311
TS,3312
TSBK,6036
TSC,6022
TSCC,7373
TSCO,5200
TSE,2821
TSEM,3674
TSG,7370
TSGL,7200
TSHO,7389
TSKFF,5084
TSLA,3711
TSM,3674
TSMI,7310
TSN,2015
TSNI,3841
TSNP,5000
TSOI,3841
TSPG,7389
TSPO,7372
TSQ,4832
TSRI,7371
TSS,7389
TSSI,8742
TSTS,2834
TSU,4813
TSYI,3530
TTC,3524
TTCM,7372
TTCS,8711
TTD,7370
TTDKY,3695
TTEC,7363
TTEK,8711
TTEN,1381
TTGT,7389
TTHG,5080
TTI,1311
TTLO,3677
TTM,3711
TTMI,3672
TTNP,2836
TTNUF,7373
TTOO,3841
TTPH,2834
TTS,5700
TTSI,7310
TTWO,7372
TTXP,1000
TU,4812
TUES,5331
TUFN,7373
TUMIF,1400
TUP,3089
TURA,7389
TURN,6799
TURV,100
TUSK,1389
TUXS,2200
TV,4833
TVC,4911
TVCE,7372
TVER,1400
TVLF,6021
TVMD,7389
TVOG,1311
TVPC,7380
TVTV,7389
TVTY,8090
TW,6200
TWCI,7389
TWER,4899
TWI,3312
TWIN,3560
TWLO,7372
TWMC,5735
TWNK,2050
TWO,6798
TWOH,7389
TWOU,7372
TWRFF,1000
TWSI,9995
TWST,2836
TWTR,7370
TX,3312
TXCB,5010
TXCCQ,3674
TXGE,5960
TXHD,7372
TXHE,1311
TXHG,5084
TXIC,3711
TXMC,3550
TXMD,2834
TXN,3674
TXRH,5812
TXSO,1311
TXSP,5912
TXT,3720
TXTM,7380
TYCB,6022
TYHT,100
TYL,7372
TYME,2834
TYPE,7371
TZAC,6770
TZOO,7373
TZPC,3089
UA,2300
UAHC,3841
UAL,4512
UAMA,3669
UAMM,7371
UAMY,3330
UAN,2870
UAPC,1311
UATG,8711
UAVS,3721
UBA,6798
UBAB,6022
UBCP,6022
UBER,7372
UBEX,1311
UBFO,6021
UBIA,2860
UBNC,6029
UBNK,6036
UBOH,6021
UBQU,7372
UBS,6021
UBSI,6022
UBUH,4841
UBX,2834
UCBB,7311
UCBI,6022
UCFC,6036
UCLE,3829
UCPA,7310
UCPC,6172
UCPH,7373
UCSO,7374
UCTT,3674
UCUT,2300
UDFI,6798
UDHI,8000
UDN,6221
UDR,6798
UDSG,5812
UE,6500
UEC,1090
UECN,3081
UEEC,3842
UEIC,3651
UELMO,4911
UEPS,6099
UFAB,3714
UFCS,6331
UFI,2200
UFMG,5010
UFPI,2421
UFPT,3086
UFS,2621
UG,2844
UGA,6221
UGDM,1000
UGHL,5013
UGI,4932
UGP,4924
UGRW,5080
UHAL,7510
UHN,6221
UHS,8062
UHT,6798
UI,3663
UIBGF,6411
UIFD,3531
UIHC,6331
UIS,7373
UITA,3721
UL,2840
ULBI,3690
ULFS,6794
ULGX,3845
ULH,4213
ULNV,5810
ULTA,5990
ULTRF,4412
ULUR,2834
UMAM,900
UMAX,5099
UMBF,6021
UMC,3674
UMCN,6411
UMEWF,7372
UMFG,7389
UMGP,3841
UMH,6798
UMHL,7389
UMLS,7377
UMPQ,6035
UMRX,2834
UN,2840
UNAM,6331
UNB,6022
UNDR,7389
UNDT,3823
UNEQ,1000
UNF,7200
UNFI,5141
UNG,6221
UNGS,1311
UNH,6324
UNIB,6022
UNIR,2200
UNISQ,3841
UNIT,6798
UNIV,3669
UNL,6221
UNLA,4899
UNM,6321
UNMV,4210
UNP,4011
UNPA,6021
UNRG,1389
UNSI,4899
UNSS,3433
UNT,1311
UNTN,6035
UNTY,6022
UNVC,3841
UNVR,5160
UNXLQ,3679
UNXP,4700
UOLI,4832
UOMO,8742
UONE,4832
UPCO,1040
UPDC,6770
UPIN,7371
UPLC,1311
UPLD,7372
UPMKF,2621
UPNT,2080
UPOW,6510
UPPR,5190
UPS,4210
UPSN,1520
UPWK,7374
UPZS,5810
URAL,4100
URBF,100
URBN,5651
URBT,4833
URG,1040
URGN,2834
URI,7359
UROV,2834
URYL,100
USAC,4922
USAE,3728
USAK,4213
USAP,3312
USAQ,6770
USAS,1000
USAT,3578
USB,6021
USBL,6794
USCI,6221
USCR,3272
USCS,1040
USDC,7372
USDF,3523
USDP,4013
USDR,3721
USEG,1311
USEI,3714
USFD,5140
USGA,2390
USIO,6099
USL,6221
USLG,7372
USLM,1400
USLQ,4955
USM,4812
USMJ,1311
USNA,2833
USNL,6500
USNU,8093
USO,6221
USOD,6221
USPH,8000
USRI,2990
USRM,8731
USTC,6500
USVR,7900
USWS,1389
USX,4213
UTGN,6311
UTHR,2834
UTI,8200
UTL,4931
UTMD,3841
UTRK,7372
UTRX,7373
UTSI,3669
UTX,3724
UUGRY,4931
UUP,6221
UUU,5065
UUUU,1400
UVBIF,3841
UVCL,4813
UVE,6331
UVFT,3564
UVSE,1311
UVSP,6022
UVV,5150
UWEFF,1000
UWHR,6022
UWKI,5812
UWRL,4899
UXIN,7389
V,7389
VABK,6021
VAC,6531
VADP,2390
VAL,1381
VALE,1000
VALU,6282
VALV,3490
VAPE,3634
VAPO,3841
VAPR,3290
VAR,3845
VASO,3845
VBBTL,6221
VBBV,7389
VBFC,6022
VBIO,8731
VBIV,2834
VBIX,7372
VBLT,2834
VBTC,7372
VBTX,6022
VBVT,1000
VC,3714
VCBD,6799
VCEL,2836
VCEX,7380
VCLD,7371
VCMG,8742
VCMP,8900
VCNX,2834
VCON,3669
VCOR,7372
VCPS,5180
VCRA,3669
VCST,3663
VCSY,7372
VCTL,8741
VCTR,6282
VCTY,3669
VCYE,1311
VCYT,8071
VDKB,2080
VDPH,4813
VDRM,2834
VEC,8744
VECO,3559
VEDL,3330
VEEV,7372
VEGL,2870
VEII,7380
VEND,3580
VENV,2400
VEOEY,4953
VEON,4812
VER,6798
VERB,7200
VERF,6036
VERI,7374
VERU,2834
VET,1311
VFC,2320
VFF,100
VFRM,100
VG,4813
VGCP,8741
VGGOF,7372
VGID,6770
VGLS,2834
VGR,2111
VGRBF,7372
VGREF,7330
VGTL,7389
VGWCF,8731
VGZ,1040
VHC,6794
VHI,2810
VHUB,2111
VIA,4841
VIAP,2836
VIAV,3674
VIBI,2844
VICA,3841
VICI,6798
VICL,2836
VICP,1540
VICR,3679
VICT,7389
VIDA,4841
VIDE,3670
VIEWF,3670
VIFI,6200
VIGC,7371
VIIN,800
VINO,6552
VIOT,3630
VIPS,5961
VIPV,5140
VIRC,2531
VIRT,6211
VISI,7363
VISL,3669
VISM,7371
VIST,1311
VIV,4813
VIVC,4700
VIVE,3845
VIVK,8731
VIVO,2835
VIZC,7372
VIZG,6770
VJET,3555
VKIN,1311
VKSC,3089
VKTX,2834
VLBI,7373
VLCJF,1040
VLDI,7372
VLGEA,5411
VLKAF,8880
VLMGF,1000
VLO,2911
VLRS,4512
VLRX,3841
VLTC,6500
VLY,6021
VMC,1400
VMCS,7373
VMHG,5160
VMI,3440
VMII,4822
VMRI,1040
VMSI,9995
VMTG,7389
VMW,7372
VNCE,5600
VNCI,5190
VNDA,2834
VNE,3714
VNET,7370
VNJA,1531
VNNYF,1381
VNO,6798
VNOM,1311
VNRX,2835
VNSN,1040
VNTH,3829
VNTR,2810
VNUE,7822
VOC,1311
VOD,4812
VODG,2836
VOHO,1000
VOIS,7389
VOQP,2834
VOXX,5065
VOYA,6311
VOYT,7372
VPER,7389
VPG,3670
VPGI,6153
VPLM,3661
VPOR,2731
VPRB,7372
VPRO,6794
VQSLF,7389
VRA,3100
VRAY,3845
VRCA,2834
VRCFF,1000
VRCI,1000
VRCV,1000
VRDR,1040
VRED,200
VREOF,2834
VREX,3679
VRME,6794
VRML,2835
VRNA,2834
VRNDF,2833
VRNS,7372
VRNT,7373
VRRM,4700
VRS,2621
VRSEF,8000
VRSK,7374
VRSN,7371
VRTA,6798
VRTB,6798
VRTC,3679
VRTS,6282
VRTT,3841
VRTU,7371
VRTV,5110
VRTX,2834
VRTY,200
VRUS,5141
VSAT,3663
VSBN,6022
VSEC,8711
VSH,3670
VSHC,7373
VSI,5400
VSLR,3433
VSM,2890
VSMD,3841
VSMR,1000
VSPC,7330
VSRV,4813
VSST,7389
VST,4911
VSTM,2834
VSTO,3480
VSTR,7900
VSYM,7380
VSYS,3669
VTEQ,5990
VTGDF,1381
VTGGF,1381
VTGN,2834
VTIQ,6770
VTMB,2320
VTMC,8742
VTNA,1000
VTNL,5047
VTNR,2911
VTR,6798
VTSI,7900
VTVT,2834
VTXB,3600
VULC,3060
VUME,5940
VUOC,3669
VUZI,3663
VVCIF,2833
VVDB,7389
VVI,7389
VVIT,3990
VVPR,4931
VVUS,2834
VVV,2990
VWIN,3630
VXBT,3281
VXEL,5000
VXRT,2836
VYCO,3841
VYEY,1311
VYGR,2836
VYST,3060
VZ,4813
W,5961
WAAS,4941
WAB,3743
WABC,6021
WACLY,2340
WAFD,6021
WAFU,8200
WAGE,7389
WAIR,5072
WAKE,6035
WAL,6022
WARM,8200
WASH,6022
WAT,3826
WATT,3663
WAYN,6035
WAYS,2860
WB,7370
WBA,5912
WBAI,7990
WBBW,6022
WBC,3711
WBHC,6021
WBK,6029
WBS,6021
WBSI,7374
WBT,3580
WBWB,7374
WCC,5063
WCCP,6552
WCG,6324
WCHS,6552
WCIG,5180
WCN,4953
WCRS,5900
WCUI,2834
WCVC,7990
WCYN,1000
WD,6199
WDAY,7374
WDBG,2834
WDC,3572
WDDD,7372
WDFC,2890
WDFN,6021
WDHR,7389
WDKA,2080
WDLF,7370
WDR,6211
WDRP,3433
WDSL,4899
WEBB,7373
WEBC,3317
WEBK,6036
WEC,4931
WECFY,8880
WECT,7389
WEDG,5700
WEI,6199
WEIN,6022
WELL,6798
WELPM,4911
WELX,3823
WEN,5810
WEQL,8011
WERN,4213
WES,4922
WESC,4700
WETF,6211
WEWA,7370
WEX,7389
WEYL,7389
WEYS,5130
WF,6029
WFC,6021
WFCF,7372
WFE.A,6798
WFEMF,1000
WFHG,8742
WFTIQ,3533
WGEI,6794
WGLCN,4924
WGNAP,6021
WGNR,3663
WGO,3716
WGTG,2200
WH,7011
WHCA,2834
WHD,3533
WHEN,2860
WHG,6282
WHHT,3577
WHLM,8742
WHLR,6798
WHLX,7822
WHR,3630
WHSI,3669
WHZT,1311
WIFI,4899
WIFT,3577
WIKYY,3674
WILC,5141
WINA,5900
WING,5812
WINH,5961
WINMQ,4813
WINR,5810
WINS,6199
WINT,2836
WIRE,3350
WIRX,3690
WISA,3674
WISH,6282
WISM,5731
WIT,7371
WIX,7370
WIZD,7900
WIZP,2834
WK,7372
WKHS,3711
WKLDF,1040
WKLN,1000
WKULF,6799
WLBAQ,1221
WLDFF,2833
WLDN,8711
WLFC,5080
WLGC,7389
WLH,1531
WLK,2860
WLKP,2860
WLL,1311
WLMS,1600
WLOLQ,4731
WLSI,3844
WLTW,6411
WLYW,7374
WM,4953
WMAL,7374
WMB,4922
WMC,6798
WMEG,3652
WMGI,3842
WMGR,7372
WMHH,7819
WMK,5411
WMLLF,1000
WMLPQ,1221
WMPN,6035
WMRSD,1040
WMS,3086
WMSI,3440
WMT,5331
WMTM,1000
WMTN,1040
WNBD,7389
WNC,3715
WNDW,2860
WNEB,6035
WNRC,4832
WNS,7389
WNWG,1311
WOAM,3669
WODI,3842
WOFA,5211
WOLV,1000
WOR,3310
WORK,7385
WORX,7990
WOW,4841
WOWI,4899
WOWMF,7812
WPC,6798
WPEC,7389
WPFH,7812
WPG,6798
WPHM,2834
WPM,1040
WPP,7311
WPRT,3510
WPTIF,6798
WPUR,5900
WPX,1311
WQNI,7389
WRB,6331
WRE,6798
WRFX,7372
WRGL,2741
WRI,6798
WRIT,7812
WRIV,6022
WRK,2650
WRLD,6141
WRLS,6770
WRN,1000
WRRI,5500
WRTC,3480
WSBC,6021
WSBF,6035
WSC,7350
WSCO,5960
WSCRF,1000
WSFGQ,6022
WSFL,6211
WSFS,6021
WSG,7900
WSGF,7990
WSHE,6199
WSM,5700
WSML,2452
WSO,5070
WSPPU,2860
WSR,6798
WSRC,6794
WSRRF,2100
WST,3060
WSTG,5045
WSTL,3661
WSTRF,1090
WTBA,6022
WTCG,7990
WTECQ,6211
WTER,5140
WTFC,6022
WTI,1311
WTII,3585
WTKN,5912
WTLC,3949
WTM,6331
WTNW,3580
WTR,4941
WTRH,7389
WTRO,3679
WTS,3490
WTT,3825
WTTR,1389
WTXR,1311
WU,7389
WUBA,7370
WUHN,3564
WUYI,2086
WVE,2834
WVFC,6036
WVVI,2080
WW,7200
WWD,3620
WWE,7812
WWII,4899
WWIN,8742
WWIO,7310
WWPW,1040
WWR,1000
WWSG,4899
WWW,3140
WXMN,5070
WY,6798
WYCC,7374
WYND,7011
WYNN,7011
WYY,7373
WZENY,7389
X,3312
XAIR,3841
XALL,6794
XAN,6798
XBIO,2834
XBIT,2834
XBOR,1311
XCAN,5172
XCLL,7372
XCOMQ,3661
XCPL,2590
XCPT,5045
XCRP,3845
XCUR,2834
XDSL,3690
XEC,1311
XEL,4931
XELA,7389
XELB,6794
XENE,2834
XENO,8731
XENT,3841
XERS,2834
XFCH,7372
XFLS,5211
XFOR,2836
XFTB,3949
XGEN,3690
XHR,7011
XHUA,5190
XIN,1520
XIV,6211
XLNX,3674
XLRM,1040
XLRN,2836
XLWH,1000
XMEX,3080
XMTTF,1040
XNCR,2834
XNDA,6531
XNET,7372
XNNHQ,3640
XNYH,2750
XOG,1311
XOM,2911
XOMA,2834
XON,8731
XONE,3555
XPEL,3470
XPER,3674
XPL,1040
XPO,4700
XRAY,3843
XREG,1311
XRF,6199
XRTXF,8731
XSNX,3081
XSONF,4833
XSPA,7200
XSPT,7370
XSPY,3851
XSVT,7389
XTEG,3621
XTGRF,1000
XTLB,2834
XTMM,7389
XTNT,2836
XTPT,1000
XTRM,3433
XXII,2111
XXMMF,1000
XYF,6199
XYL,3561
XYNH,2844
XYNO,2834
Y,6331
YAMCY,8880
YBAO,5080
YCBD,2844
YDVL,6311
YECOF,3270
YELP,7200
YETI,3949
YEWB,100
YEXT,7374
YGEHY,3674
YGTYF,7340
YGYI,5961
YHDT,1000
YI,5912
YIN,6200
YIPI,7372
YITD,2452
YJ,5990
YJGJ,5130
YMAB,2834
YNDX,7370
YNGFF,1040
YNVYF,3670
YOGA,7200
YORW,4941
YPF,2911
YPPN,5000
YRCW,4213
YRD,6199
YRIV,6500
YSTR,7371
YTEN,3080
YTRA,4700
YUANF,6199
YUII,2015
YUM,5812
YUMA,1311
YUMC,5812
YUMM,6770
YUSG,5990
YVR,7372
YY,7374
YZCAY,1221
Z,7389
ZAGG,5900
ZAYO,4813
ZAZA,1311
ZBH,3842
ZBRA,3560
ZCBD,3663
ZCOM,2761
ZCOR,2834
ZDEC,7310
ZDGE,7372
ZDPY,6512
ZEAL,2834
ZEN,7374
ZENO,1040
ZEST,3089
ZEUS,5051
ZFGN,2834
ZGCO,6211
ZGNX,2834
ZGSI,700
ZHYLF,4911
ZIMCF,4812
ZION,6021
ZIOP,2834
ZIPL,7389
ZIVO,2000
ZIXI,7374
ZKIN,3490
ZLAB,2834
ZLDAF,8731
ZM,7370
ZMDC,6770
ZMRK,5944
ZMTP,3661
ZN,1382
ZNCM,7389
ZNGA,7374
ZNGY,7372
ZNH,4512
ZNNC,2834
ZNRG,3640
ZOM,2834
ZONX,1311
ZOOM,3661
ZPAS,7374
ZRMG,1311
ZRPTIX,6798
ZRSCF,1400
ZRVT,7389
ZS,7371
ZSAN,2834
ZSTN,3663
ZTO,4210
ZTS,2834
ZUMZ,5600
ZUO,7372
ZVLO,7372
ZVO,8200
ZVTK,5400
ZWBC,3576
ZWRR,7373
ZXAIY,3714
ZYJT,7389
ZYME,2834
ZYNE,2834
ZYQG,1040
ZYRX,2821
ZYXI,3845
ZZLL,5900
TRUE,7370
WTRE,2834
